Time, T1, T2, T3, T4, T5, T6, T7, T8, T9, T10, T11, T12, T13, T14
0.018, 0.000, 0.000, 0.000, 0.000, 0.000, 0.000, 0.000, 0.000, 0.000, 0.000, 0.000, 0.000, 0.000, 0.000
0.068, 0.000, 0.000, 0.000, 0.000, 0.000, 0.000, 0.000, 0.000, 0.000, 0.000, 0.000, 0.000, 0.000, 0.000
0.119, 0.000, 0.000, 0.000, 0.000, 0.000, 0.000, 0.000, 0.000, 0.000, 0.000, 0.000, 0.000, 0.000, 0.000
0.169, 0.000, 0.000, 0.000, 0.000, 0.000, 0.000, 0.000, 0.000, 0.000, 0.000, 0.000, 0.000, 0.000, 0.000
0.219, 0.000, 0.000, 0.000, 0.000, 0.000, 0.000, 0.000, 0.000, 0.000, 0.000, 0.000, 0.000, 0.000, 0.000
0.270, 0.000, 0.000, 0.000, 0.000, 0.000, 0.000, 0.000, 0.000, 0.000, 0.000, 0.000, 0.000, 0.000, 0.000
0.320, 0.000, 0.000, 0.000, 0.000, 0.000, 0.000, 0.000, 0.000, 0.000, 0.000, 0.000, 0.000, 0.000, 0.000
0.371, 0.000, 0.000, 0.000, 0.000, 0.000, 0.000, 0.000, 0.000, 0.000, 0.000, 0.000, 0.000, 0.000, 0.000
0.421, 0.000, 0.000, 0.000, 0.000, 0.000, 0.000, 0.000, 0.000, 0.000, 0.000, 0.000, 0.000, 0.000, 0.000
0.471, 0.000, 0.000, 0.000, 0.000, 0.000, 0.000, 0.000, 0.000, 0.000, 0.000, 0.000, 0.000, 0.000, 0.000
0.522, 0.000, 0.000, 0.000, 0.000, 0.000, 0.000, 0.000, 0.000, 0.000, 0.000, 0.000, 0.000, 0.000, 0.000
0.573, 0.000, 0.000, 0.000, 0.000, 0.000, 0.000, 0.000, 0.000, 0.000, 0.000, 0.000, 0.000, 0.000, 0.000
0.624, 0.000, 0.000, 0.000, 0.000, 0.000, 0.000, 0.000, 0.000, 0.000, 0.000, 0.000, 0.000, 0.000, 0.000
0.674, 0.000, 0.000, 0.000, 0.000, 0.000, 0.000, 0.000, 0.000, 0.000, 0.000, 0.000, 0.000, 0.000, 0.000
0.725, 0.000, 0.000, 0.000, 0.000, 0.000, 0.000, 0.000, 0.000, 0.000, 0.000, 0.000, 0.000, 0.000, 0.000
0.776, 0.000, 0.000, 0.000, 0.000, 0.000, 0.000, 0.000, 0.000, 0.000, 0.000, 0.000, 0.000, 0.000, 0.000
0.826, 0.000, 0.000, 0.000, 0.000, 0.000, 0.000, 0.000, 0.000, 0.000, 0.000, 0.000, 0.000, 0.000, 0.000
0.876, 0.000, 0.000, 0.000, 0.000, 0.000, 0.000, 0.000, 0.000, 0.000, 0.000, 0.000, 0.000, 0.000, 0.000
0.927, 0.000, 0.000, 0.000, 0.000, 0.000, 0.000, 0.000, 0.000, 0.000, 0.000, 0.000, 0.000, 0.000, 0.000
0.977, 0.000, 0.000, 0.000, 0.000, 0.000, 0.000, 0.000, 0.000, 0.000, 0.000, 0.000, 0.000, 0.000, 0.000
1.028, 0.000, 0.000, 0.000, 0.000, 0.000, 0.000, 0.000, 0.000, 0.000, 0.000, 0.000, 0.000, 0.000, 0.000
1.079, 0.000, 0.000, 0.000, 0.000, 0.000, 0.000, 0.000, 0.000, 0.000, 0.000, 0.000, 0.000, 0.000, 0.000
1.130, 0.000, 0.000, 0.000, 0.000, 0.000, 0.000, 0.000, 0.000, 0.000, 0.000, 0.000, 0.000, 0.000, 0.000
1.180, 0.000, 0.000, 0.000, 0.000, 0.000, 0.000, 0.000, 0.000, 0.000, 0.000, 0.000, 0.000, 0.000, 0.000
1.231, 0.000, 0.000, 0.000, 0.000, 0.000, 0.000, 0.000, 0.000, 0.000, 0.000, 0.000, 0.000, 0.000, 0.000
1.281, 0.000, 0.000, 0.000, 0.000, 0.000, 0.000, 0.000, 0.000, 0.000, 0.000, 0.000, 0.000, 0.000, 0.000
1.332, 0.000, 0.000, 0.000, 0.000, 0.000, 0.000, 0.000, 0.000, 0.000, 0.000, 0.000, 0.000, 0.000, 0.000
1.382, 0.000, 0.000, 0.000, 0.000, 0.000, 0.000, 0.000, 0.000, 0.000, 0.000, 0.000, 0.000, 0.000, 0.000
1.433, 0.000, 0.000, 0.000, 0.000, 0.000, 0.000, 0.000, 0.000, 0.000, 0.000, 0.000, 0.000, 0.000, 0.000
1.484, 0.000, 0.000, 0.000, 0.000, 0.000, 0.000, 0.000, 0.000, 0.000, 0.000, 0.000, 0.000, 0.000, 0.000
1.535, 0.000, 0.000, 0.000, 0.000, 0.000, 0.000, 0.000, 0.000, 0.000, 0.000, 0.000, 0.000, 0.000, 0.000
1.585, 0.000, 0.000, 0.000, 0.000, 0.000, 0.000, 0.000, 0.000, 0.000, 0.000, 0.000, 0.000, 0.000, 0.000
1.635, 0.000, 0.000, 0.000, 0.000, 0.000, 0.000, 0.000, 0.000, 0.000, 0.000, 0.000, 0.000, 0.000, 0.000
1.686, 0.000, 0.000, 0.000, 0.000, 0.000, 0.000, 0.000, 0.000, 0.000, 0.000, 0.000, 0.000, 0.000, 0.000
1.736, 0.000, 0.000, 0.000, 0.000, 0.000, 0.000, 0.000, 0.000, 0.000, 0.000, 0.000, 0.000, 0.000, 0.000
1.786, 0.000, 0.000, 0.000, 0.000, 0.000, 0.000, 0.000, 0.000, 0.000, 0.000, 0.000, 0.000, 0.000, 0.000
1.837, 0.000, 0.000, 0.000, 0.000, 0.000, 0.000, 0.000, 0.000, 0.000, 0.000, 0.000, 0.000, 0.000, 0.000
1.887, 0.000, 0.000, 0.000, 0.000, 0.000, 0.000, 0.000, 0.000, 0.000, 0.000, 0.000, 0.000, 0.000, 0.000
1.938, 0.000, 0.000, 0.000, 0.000, 0.000, 0.000, 0.000, 0.000, 0.000, 0.000, 0.000, 0.000, 0.000, 0.000
1.989, 0.000, 0.000, 0.000, 0.000, 0.000, 0.000, 0.000, 0.000, 0.000, 0.000, 0.000, 0.000, 0.000, 0.000
2.039, 0.000, 0.000, 0.000, 0.000, 0.000, 0.000, 0.000, 0.000, 0.000, 0.000, 0.000, 0.000, 0.000, 0.000
2.090, 0.000, 0.000, 0.000, 0.000, 0.000, 0.000, 0.000, 0.074, 0.057, 0.000, 0.000, 0.000, 0.000, 0.000
2.141, 0.143, 0.168, 0.000, 0.000, 0.000, 0.000, 0.000, 0.920, 0.400, 0.000, 0.000, 0.000, 0.000, 0.000
2.192, 0.149, 0.169, 0.000, 0.000, 0.000, 0.000, 0.000, 0.841, 0.398, 0.000, 0.000, 0.000, 0.000, 0.000
2.243, 0.147, 0.152, 0.000, 0.000, 0.000, 0.000, 0.000, 0.781, 0.386, 0.000, 0.000, 0.000, 0.000, 0.000
2.293, 0.159, 0.129, 0.000, 0.000, 0.000, 0.000, 0.000, 0.630, 0.332, 0.000, 0.000, 0.000, 0.000, 0.000
2.344, 0.142, 0.106, 0.000, 0.000, 0.000, 0.000, 0.000, 0.459, 0.279, 0.000, 0.000, 0.000, 0.000, 0.000
2.395, 0.112, 0.086, 0.000, 0.000, 0.000, 0.000, 0.000, 0.323, 0.214, 0.000, 0.000, 0.000, 0.000, 0.000
2.445, 0.109, 0.081, 0.000, 0.000, 0.000, 0.000, 0.000, 0.241, 0.199, 0.000, 0.000, 0.000, 0.000, 0.000
2.496, 0.131, 0.099, 0.000, 0.000, 0.000, 0.000, 0.000, 0.331, 0.253, 0.000, 0.000, 0.000, 0.000, 0.000
2.546, 0.157, 0.122, 0.000, 0.000, 0.000, 0.000, 0.000, 0.466, 0.339, 0.000, 0.000, 0.000, 0.000, 0.000
2.596, 0.167, 0.135, 0.000, 0.000, 0.000, 0.000, 0.000, 0.579, 0.379, 0.000, 0.000, 0.000, 0.000, 0.000
2.647, 0.194, 0.161, 0.000, 0.000, 0.000, 0.000, 0.000, 0.771, 0.417, 0.000, 0.000, 0.000, 0.000, 0.000
2.698, 0.258, 0.195, 0.000, 0.000, 0.000, 0.000, 0.000, 1.046, 0.434, 0.000, 0.000, 0.000, 0.000, 0.000
2.748, 0.266, 0.207, 0.000, 0.000, 0.000, 0.000, 0.000, 1.167, 0.450, 0.000, 0.000, 0.000, 0.000, 0.000
2.799, 0.301, 0.235, 0.000, 0.000, 0.000, 0.000, 0.000, 1.357, 0.501, 0.000, 0.000, 0.000, 0.000, 0.000
2.850, 0.336, 0.258, 0.000, 0.000, 0.000, 0.000, 0.000, 1.535, 0.552, 0.000, 0.000, 0.000, 0.000, 0.000
2.901, 0.348, 0.269, 0.000, 0.000, 0.000, 0.000, 0.000, 1.630, 0.603, 0.000, 0.000, 0.000, 0.000, 0.000
2.951, 0.365, 0.299, 0.000, 0.000, 0.000, 0.000, 0.000, 1.834, 0.693, 0.061, 0.000, 0.000, 0.000, 0.000
3.002, 0.400, 0.332, 0.000, 0.000, 0.000, 0.000, 0.000, 1.980, 0.751, 0.069, 0.000, 0.000, 0.000, 0.000
3.052, 0.406, 0.339, 0.000, 0.000, 0.000, 0.000, 0.000, 2.001, 0.776, 0.080, 0.000, 0.000, 0.000, 0.000
3.103, 0.418, 0.346, 0.000, 0.000, 0.000, 0.000, 0.000, 2.029, 0.790, 0.088, 0.000, 0.000, 0.000, 0.000
3.153, 0.420, 0.352, 0.000, 0.000, 0.000, 0.000, 0.000, 2.049, 0.816, 0.093, 0.000, 0.000, 0.000, 0.000
3.204, 0.425, 0.352, 0.000, 0.000, 0.000, 0.000, 0.000, 2.053, 0.831, 0.095, 0.000, 0.000, 0.000, 0.000
3.254, 0.430, 0.359, 0.000, 0.000, 0.000, 0.000, 0.000, 2.069, 0.844, 0.097, 0.000, 0.000, 0.000, 0.000
3.305, 0.434, 0.363, 0.000, 0.000, 0.000, 0.000, 0.000, 2.073, 0.860, 0.098, 0.000, 0.000, 0.000, 0.000
3.356, 0.440, 0.365, 0.000, 0.000, 0.000, 0.000, 0.000, 2.083, 0.865, 0.100, 0.000, 0.000, 0.000, 0.000
3.407, 0.438, 0.363, 0.000, 0.000, 0.000, 0.000, 0.000, 2.086, 0.866, 0.101, 0.000, 0.000, 0.000, 0.000
3.457, 0.438, 0.363, 0.000, 0.000, 0.000, 0.000, 0.000, 2.013, 0.837, 0.097, 0.000, 0.000, 0.000, 0.000
3.507, 0.000, 0.000, 0.000, 0.000, 0.000, 0.000, 0.000, 0.000, 0.000, 0.000, 0.000, 0.000, 0.000, 0.000
3.557, 0.000, 0.000, 0.000, 0.000, 0.000, 0.000, 0.000, 0.000, 0.000, 0.000, 0.000, 0.000, 0.000, 0.000
3.608, 0.000, 0.000, 0.000, 0.000, 0.000, 0.000, 0.000, 0.000, 0.000, 0.000, 0.000, 0.000, 0.000, 0.000
3.658, 0.000, 0.000, 0.000, 0.000, 0.000, 0.000, 0.000, 0.000, 0.000, 0.000, 0.000, 0.000, 0.000, 0.000
3.708, 0.000, 0.000, 0.000, 0.000, 0.000, 0.000, 0.000, 0.000, 0.000, 0.000, 0.000, 0.000, 0.000, 0.000
3.759, 0.000, 0.000, 0.000, 0.000, 0.000, 0.000, 0.000, 0.000, 0.000, 0.000, 0.000, 0.000, 0.000, 0.000
3.809, 0.000, 0.000, 0.000, 0.000, 0.000, 0.000, 0.000, 0.000, 0.000, 0.000, 0.000, 0.000, 0.000, 0.000
3.859, 0.000, 0.000, 0.000, 0.000, 0.000, 0.000, 0.000, 0.000, 0.000, 0.000, 0.000, 0.000, 0.000, 0.000
3.909, 0.000, 0.000, 0.000, 0.000, 0.000, 0.000, 0.000, 0.000, 0.000, 0.000, 0.000, 0.000, 0.000, 0.000
3.960, 0.000, 0.000, 0.000, 0.000, 0.000, 0.000, 0.000, 0.000, 0.000, 0.000, 0.000, 0.000, 0.000, 0.000
4.010, 0.000, 0.000, 0.000, 0.000, 0.000, 0.000, 0.000, 0.000, 0.000, 0.000, 0.000, 0.000, 0.000, 0.000
4.060, 0.000, 0.000, 0.000, 0.000, 0.000, 0.000, 0.000, 0.000, 0.000, 0.000, 0.000, 0.000, 0.000, 0.000
4.111, 0.000, 0.000, 0.000, 0.000, 0.000, 0.000, 0.000, 0.000, 0.000, 0.000, 0.000, 0.000, 0.000, 0.000
4.161, 0.000, 0.000, 0.000, 0.000, 0.000, 0.000, 0.000, 0.000, 0.000, 0.000, 0.000, 0.000, 0.000, 0.000
4.212, 0.000, 0.000, 0.000, 0.000, 0.000, 0.000, 0.000, 0.000, 0.000, 0.000, 0.000, 0.000, 0.000, 0.000
4.262, 0.000, 0.000, 0.000, 0.000, 0.000, 0.000, 0.000, 0.000, 0.000, 0.000, 0.000, 0.000, 0.000, 0.000
4.313, 0.000, 0.000, 0.000, 0.000, 0.000, 0.000, 0.000, 0.000, 0.000, 0.000, 0.000, 0.000, 0.000, 0.000
4.364, 0.000, 0.000, 0.000, 0.000, 0.000, 0.000, 0.000, 0.000, 0.000, 0.000, 0.000, 0.000, 0.000, 0.000
4.414, 0.000, 0.000, 0.000, 0.000, 0.000, 0.000, 0.000, 0.000, 0.000, 0.000, 0.000, 0.000, 0.000, 0.000
4.464, 0.000, 0.000, 0.000, 0.000, 0.000, 0.000, 0.000, 0.000, 0.000, 0.000, 0.000, 0.000, 0.000, 0.000
4.515, 0.000, 0.000, 0.000, 0.000, 0.000, 0.000, 0.000, 0.000, 0.000, 0.000, 0.000, 0.000, 0.000, 0.000
4.566, 0.000, 0.000, 0.000, 0.000, 0.000, 0.000, 0.000, 0.000, 0.000, 0.000, 0.000, 0.000, 0.000, 0.000
4.616, 0.000, 0.000, 0.000, 0.000, 0.000, 0.000, 0.000, 0.000, 0.000, 0.000, 0.000, 0.000, 0.000, 0.000
4.666, 0.000, 0.000, 0.000, 0.000, 0.000, 0.000, 0.000, 0.000, 0.000, 0.000, 0.000, 0.000, 0.000, 0.000
4.717, 0.000, 0.000, 0.000, 0.000, 0.000, 0.000, 0.000, 0.000, 0.000, 0.000, 0.000, 0.000, 0.000, 0.000
4.768, 0.000, 0.000, 0.000, 0.000, 0.000, 0.000, 0.000, 0.000, 0.000, 0.000, 0.000, 0.000, 0.000, 0.000
4.818, 0.000, 0.000, 0.000, 0.000, 0.000, 0.000, 0.000, 0.000, 0.000, 0.000, 0.000, 0.000, 0.000, 0.000
4.869, 0.000, 0.000, 0.000, 0.000, 0.000, 0.000, 0.000, 0.000, 0.000, 0.000, 0.000, 0.000, 0.000, 0.000
4.920, 0.000, 0.000, 0.000, 0.000, 0.000, 0.000, 0.000, 0.000, 0.000, 0.000, 0.000, 0.000, 0.000, 0.000
4.971, 0.000, 0.000, 0.000, 0.000, 0.000, 0.000, 0.000, 0.000, 0.000, 0.000, 0.000, 0.000, 0.000, 0.000
5.021, 0.000, 0.000, 0.000, 0.000, 0.000, 0.000, 0.000, 0.000, 0.000, 0.000, 0.000, 0.000, 0.000, 0.000
5.071, 0.000, 0.000, 0.000, 0.000, 0.000, 0.000, 0.000, 0.000, 0.000, 0.000, 0.000, 0.000, 0.000, 0.000
5.121, 0.000, 0.000, 0.000, 0.000, 0.000, 0.000, 0.000, 0.000, 0.000, 0.000, 0.000, 0.000, 0.000, 0.000
5.172, 0.000, 0.000, 0.000, 0.000, 0.000, 0.000, 0.000, 0.000, 0.000, 0.000, 0.000, 0.000, 0.000, 0.000
5.222, 0.000, 0.000, 0.000, 0.000, 0.000, 0.000, 0.000, 0.000, 0.000, 0.000, 0.000, 0.000, 0.000, 0.000
5.273, 0.000, 0.000, 0.000, 0.000, 0.000, 0.000, 0.000, 0.000, 0.000, 0.000, 0.000, 0.000, 0.000, 0.000
5.323, 0.000, 0.000, 0.000, 0.000, 0.000, 0.000, 0.000, 0.000, 0.000, 0.000, 0.000, 0.000, 0.000, 0.000
5.373, 0.000, 0.000, 0.000, 0.000, 0.000, 0.000, 0.000, 0.000, 0.000, 0.000, 0.000, 0.000, 0.000, 0.000
5.424, 0.000, 0.000, 0.000, 0.000, 0.000, 0.000, 0.000, 0.000, 0.000, 0.000, 0.000, 0.000, 0.000, 0.000
5.474, 0.000, 0.000, 0.000, 0.000, 0.000, 0.000, 0.000, 0.000, 0.000, 0.000, 0.000, 0.000, 0.000, 0.000
5.525, 0.098, 0.126, 0.000, 0.000, 0.000, 0.000, 0.000, 0.574, 0.240, 0.000, 0.000, 0.000, 0.000, 0.000
5.575, 0.135, 0.186, 0.000, 0.000, 0.000, 0.000, 0.000, 0.874, 0.348, 0.000, 0.000, 0.000, 0.000, 0.000
5.626, 0.145, 0.184, 0.000, 0.000, 0.000, 0.000, 0.000, 0.771, 0.360, 0.000, 0.000, 0.000, 0.000, 0.000
5.677, 0.135, 0.172, 0.000, 0.000, 0.000, 0.000, 0.000, 0.626, 0.327, 0.000, 0.000, 0.000, 0.000, 0.000
5.728, 0.121, 0.153, 0.000, 0.000, 0.000, 0.000, 0.000, 0.463, 0.270, 0.000, 0.000, 0.000, 0.000, 0.000
5.778, 0.113, 0.139, 0.000, 0.000, 0.000, 0.000, 0.000, 0.412, 0.275, 0.000, 0.000, 0.000, 0.000, 0.000
5.829, 0.097, 0.113, 0.000, 0.000, 0.000, 0.000, 0.000, 0.293, 0.243, 0.000, 0.000, 0.000, 0.000, 0.000
5.879, 0.084, 0.086, 0.000, 0.000, 0.000, 0.000, 0.000, 0.195, 0.217, 0.000, 0.000, 0.000, 0.000, 0.000
5.930, 0.094, 0.096, 0.000, 0.000, 0.000, 0.000, 0.000, 0.227, 0.239, 0.000, 0.000, 0.000, 0.000, 0.000
5.980, 0.123, 0.132, 0.000, 0.000, 0.000, 0.000, 0.000, 0.346, 0.294, 0.000, 0.000, 0.000, 0.000, 0.000
6.030, 0.130, 0.161, 0.000, 0.000, 0.000, 0.000, 0.000, 0.509, 0.323, 0.000, 0.000, 0.000, 0.000, 0.000
6.081, 0.141, 0.173, 0.000, 0.000, 0.000, 0.000, 0.000, 0.625, 0.353, 0.000, 0.000, 0.000, 0.000, 0.000
6.131, 0.159, 0.196, 0.000, 0.000, 0.000, 0.000, 0.000, 0.809, 0.383, 0.000, 0.000, 0.000, 0.000, 0.000
6.181, 0.201, 0.220, 0.000, 0.000, 0.000, 0.000, 0.000, 1.120, 0.474, 0.000, 0.000, 0.000, 0.000, 0.000
6.232, 0.219, 0.229, 0.000, 0.000, 0.000, 0.000, 0.000, 1.229, 0.490, 0.000, 0.000, 0.000, 0.000, 0.000
6.282, 0.229, 0.257, 0.000, 0.000, 0.000, 0.000, 0.000, 1.411, 0.521, 0.000, 0.000, 0.000, 0.000, 0.000
6.333, 0.241, 0.280, 0.000, 0.000, 0.000, 0.000, 0.000, 1.561, 0.583, 0.000, 0.000, 0.000, 0.000, 0.000
6.384, 0.253, 0.296, 0.000, 0.000, 0.000, 0.000, 0.000, 1.637, 0.614, 0.000, 0.000, 0.000, 0.000, 0.000
6.435, 0.261, 0.320, 0.000, 0.000, 0.000, 0.000, 0.000, 1.788, 0.666, 0.000, 0.000, 0.000, 0.000, 0.000
6.485, 0.276, 0.327, 0.000, 0.000, 0.000, 0.000, 0.000, 1.821, 0.686, 0.000, 0.000, 0.000, 0.000, 0.000
6.536, 0.285, 0.332, 0.000, 0.000, 0.000, 0.000, 0.000, 1.849, 0.698, 0.000, 0.000, 0.000, 0.000, 0.000
6.587, 0.288, 0.334, 0.000, 0.000, 0.000, 0.000, 0.000, 1.854, 0.704, 0.000, 0.000, 0.000, 0.000, 0.000
6.637, 0.294, 0.338, 0.000, 0.000, 0.000, 0.000, 0.000, 1.867, 0.709, 0.000, 0.000, 0.000, 0.000, 0.000
6.688, 0.301, 0.342, 0.000, 0.000, 0.000, 0.000, 0.000, 1.884, 0.717, 0.000, 0.000, 0.000, 0.000, 0.000
6.738, 0.301, 0.343, 0.000, 0.000, 0.000, 0.000, 0.000, 1.894, 0.732, 0.000, 0.000, 0.000, 0.000, 0.000
6.789, 0.302, 0.344, 0.000, 0.000, 0.000, 0.000, 0.000, 1.904, 0.740, 0.000, 0.000, 0.000, 0.000, 0.000
6.839, 0.285, 0.343, 0.000, 0.000, 0.000, 0.000, 0.000, 1.841, 0.718, 0.000, 0.000, 0.000, 0.000, 0.000
6.889, 0.285, 0.343, 0.000, 0.000, 0.000, 0.000, 0.000, 1.841, 0.718, 0.000, 0.000, 0.000, 0.000, 0.000
6.940, 0.000, 0.000, 0.000, 0.000, 0.000, 0.000, 0.000, 0.000, 0.000, 0.000, 0.000, 0.000, 0.000, 0.000
6.990, 0.000, 0.000, 0.000, 0.000, 0.000, 0.000, 0.000, 0.000, 0.000, 0.000, 0.000, 0.000, 0.000, 0.000
7.041, 0.000, 0.000, 0.000, 0.000, 0.000, 0.000, 0.000, 0.000, 0.000, 0.000, 0.000, 0.000, 0.000, 0.000
7.092, 0.000, 0.000, 0.000, 0.000, 0.000, 0.000, 0.000, 0.000, 0.000, 0.000, 0.000, 0.000, 0.000, 0.000
7.143, 0.000, 0.000, 0.000, 0.000, 0.000, 0.000, 0.000, 0.000, 0.000, 0.000, 0.000, 0.000, 0.000, 0.000
7.193, 0.000, 0.000, 0.000, 0.000, 0.000, 0.000, 0.000, 0.000, 0.000, 0.000, 0.000, 0.000, 0.000, 0.000
7.244, 0.000, 0.000, 0.000, 0.000, 0.000, 0.000, 0.000, 0.000, 0.000, 0.000, 0.000, 0.000, 0.000, 0.000
7.295, 0.000, 0.000, 0.000, 0.000, 0.000, 0.000, 0.000, 0.000, 0.000, 0.000, 0.000, 0.000, 0.000, 0.000
7.345, 0.000, 0.000, 0.000, 0.000, 0.000, 0.000, 0.000, 0.000, 0.000, 0.000, 0.000, 0.000, 0.000, 0.000
7.396, 0.000, 0.000, 0.000, 0.000, 0.000, 0.000, 0.000, 0.000, 0.000, 0.000, 0.000, 0.000, 0.000, 0.000
7.446, 0.000, 0.000, 0.000, 0.000, 0.000, 0.000, 0.000, 0.000, 0.000, 0.000, 0.000, 0.000, 0.000, 0.000
7.497, 0.000, 0.000, 0.000, 0.000, 0.000, 0.000, 0.000, 0.000, 0.000, 0.000, 0.000, 0.000, 0.000, 0.000
7.547, 0.000, 0.000, 0.000, 0.000, 0.000, 0.000, 0.000, 0.000, 0.000, 0.000, 0.000, 0.000, 0.000, 0.000
7.598, 0.000, 0.000, 0.000, 0.000, 0.000, 0.000, 0.000, 0.000, 0.000, 0.000, 0.000, 0.000, 0.000, 0.000
7.648, 0.000, 0.000, 0.000, 0.000, 0.000, 0.000, 0.000, 0.000, 0.000, 0.000, 0.000, 0.000, 0.000, 0.000
7.699, 0.000, 0.000, 0.000, 0.000, 0.000, 0.000, 0.000, 0.000, 0.000, 0.000, 0.000, 0.000, 0.000, 0.000
7.750, 0.000, 0.000, 0.000, 0.000, 0.000, 0.000, 0.000, 0.000, 0.000, 0.000, 0.000, 0.000, 0.000, 0.000
7.800, 0.000, 0.000, 0.000, 0.000, 0.000, 0.000, 0.000, 0.000, 0.000, 0.000, 0.000, 0.000, 0.000, 0.000
7.851, 0.000, 0.000, 0.000, 0.000, 0.000, 0.000, 0.000, 0.000, 0.000, 0.000, 0.000, 0.000, 0.000, 0.000
7.901, 0.000, 0.000, 0.000, 0.000, 0.000, 0.000, 0.000, 0.000, 0.000, 0.000, 0.000, 0.000, 0.000, 0.000
7.952, 0.000, 0.000, 0.000, 0.000, 0.000, 0.000, 0.000, 0.000, 0.000, 0.000, 0.000, 0.000, 0.000, 0.000
8.002, 0.000, 0.000, 0.000, 0.000, 0.000, 0.000, 0.000, 0.000, 0.000, 0.000, 0.000, 0.000, 0.000, 0.000
8.053, 0.000, 0.000, 0.000, 0.000, 0.000, 0.000, 0.000, 0.000, 0.000, 0.000, 0.000, 0.000, 0.000, 0.000
8.105, 0.000, 0.000, 0.000, 0.000, 0.000, 0.000, 0.000, 0.000, 0.000, 0.000, 0.000, 0.000, 0.000, 0.000
8.155, 0.000, 0.000, 0.000, 0.000, 0.000, 0.000, 0.000, 0.000, 0.000, 0.000, 0.000, 0.000, 0.000, 0.000
8.206, 0.000, 0.000, 0.000, 0.000, 0.000, 0.000, 0.000, 0.000, 0.000, 0.000, 0.000, 0.000, 0.000, 0.000
8.256, 0.000, 0.000, 0.000, 0.000, 0.000, 0.000, 0.000, 0.000, 0.000, 0.000, 0.000, 0.000, 0.000, 0.000
8.307, 0.000, 0.000, 0.000, 0.000, 0.000, 0.000, 0.000, 0.000, 0.000, 0.000, 0.000, 0.000, 0.000, 0.000
8.358, 0.000, 0.000, 0.000, 0.000, 0.000, 0.000, 0.000, 0.000, 0.000, 0.000, 0.000, 0.000, 0.000, 0.000
8.409, 0.000, 0.000, 0.000, 0.000, 0.000, 0.000, 0.000, 0.000, 0.000, 0.000, 0.000, 0.000, 0.000, 0.000
8.459, 0.000, 0.000, 0.000, 0.000, 0.000, 0.000, 0.000, 0.000, 0.000, 0.000, 0.000, 0.000, 0.000, 0.000
8.510, 0.000, 0.000, 0.000, 0.000, 0.000, 0.000, 0.000, 0.000, 0.000, 0.000, 0.000, 0.000, 0.000, 0.000
8.560, 0.000, 0.000, 0.000, 0.000, 0.000, 0.000, 0.000, 0.000, 0.000, 0.000, 0.000, 0.000, 0.000, 0.000
8.610, 0.000, 0.000, 0.000, 0.000, 0.000, 0.000, 0.000, 0.000, 0.000, 0.000, 0.000, 0.000, 0.000, 0.000
8.661, 0.000, 0.000, 0.000, 0.000, 0.000, 0.000, 0.000, 0.000, 0.000, 0.000, 0.000, 0.000, 0.000, 0.000
8.711, 0.000, 0.000, 0.000, 0.000, 0.000, 0.000, 0.000, 0.000, 0.000, 0.000, 0.000, 0.000, 0.000, 0.000
8.762, 0.000, 0.000, 0.000, 0.000, 0.000, 0.000, 0.000, 0.000, 0.000, 0.000, 0.000, 0.000, 0.000, 0.000
8.813, 0.000, 0.000, 0.000, 0.000, 0.000, 0.000, 0.000, 0.000, 0.000, 0.000, 0.000, 0.000, 0.000, 0.000
8.864, 0.117, 0.000, 0.000, 0.000, 0.000, 0.000, 0.000, 0.143, 0.073, 0.263, 0.000, 0.000, 0.000, 0.000
8.915, 0.178, 0.000, 0.159, 0.074, 0.000, 0.000, 0.000, 0.251, 0.139, 0.428, 0.099, 0.000, 0.000, 0.000
8.965, 0.175, 0.000, 0.000, 0.067, 0.000, 0.000, 0.000, 0.198, 0.127, 0.402, 0.090, 0.000, 0.000, 0.000
9.015, 0.168, 0.000, 0.000, 0.066, 0.000, 0.000, 0.000, 0.136, 0.134, 0.363, 0.069, 0.000, 0.000, 0.000
9.066, 0.145, 0.000, 0.000, 0.063, 0.000, 0.000, 0.000, 0.093, 0.125, 0.305, 0.070, 0.000, 0.000, 0.000
9.117, 0.132, 0.000, 0.000, 0.065, 0.000, 0.000, 0.000, 0.069, 0.106, 0.285, 0.065, 0.000, 0.000, 0.000
9.167, 0.133, 0.000, 0.000, 0.065, 0.000, 0.000, 0.000, 0.000, 0.081, 0.242, 0.053, 0.000, 0.000, 0.000
9.217, 0.169, 0.000, 0.000, 0.077, 0.000, 0.000, 0.000, 0.091, 0.120, 0.337, 0.100, 0.000, 0.000, 0.000
9.268, 0.179, 0.000, 0.000, 0.073, 0.000, 0.000, 0.000, 0.110, 0.140, 0.354, 0.101, 0.000, 0.000, 0.000
9.318, 0.204, 0.000, 0.000, 0.077, 0.000, 0.000, 0.000, 0.197, 0.168, 0.427, 0.133, 0.000, 0.000, 0.000
9.368, 0.247, 0.000, 0.202, 0.087, 0.000, 0.000, 0.000, 0.288, 0.170, 0.471, 0.139, 0.000, 0.000, 0.000
9.419, 0.261, 0.000, 0.275, 0.091, 0.000, 0.000, 0.000, 0.349, 0.186, 0.503, 0.153, 0.000, 0.000, 0.000
9.469, 0.280, 0.000, 0.370, 0.102, 0.000, 0.000, 0.000, 0.518, 0.213, 0.552, 0.160, 0.000, 0.000, 0.000
9.519, 0.308, 0.000, 0.457, 0.113, 0.000, 0.000, 0.000, 0.640, 0.249, 0.619, 0.182, 0.000, 0.000, 0.000
9.570, 0.322, 0.000, 0.473, 0.116, 0.000, 0.000, 0.000, 0.665, 0.261, 0.650, 0.191, 0.000, 0.000, 0.000
9.620, 0.324, 0.000, 0.489, 0.119, 0.000, 0.000, 0.000, 0.683, 0.272, 0.673, 0.215, 0.000, 0.000, 0.000
9.671, 0.330, 0.000, 0.498, 0.121, 0.000, 0.000, 0.000, 0.703, 0.282, 0.681, 0.222, 0.000, 0.000, 0.000
9.721, 0.337, 0.000, 0.505, 0.121, 0.000, 0.000, 0.000, 0.705, 0.283, 0.684, 0.225, 0.000, 0.000, 0.000
9.772, 0.339, 0.000, 0.506, 0.123, 0.000, 0.000, 0.000, 0.710, 0.291, 0.694, 0.227, 0.000, 0.000, 0.000
9.823, 0.339, 0.000, 0.514, 0.125, 0.000, 0.000, 0.000, 0.719, 0.291, 0.700, 0.232, 0.000, 0.000, 0.000
9.873, 0.341, 0.000, 0.511, 0.126, 0.000, 0.000, 0.000, 0.727, 0.290, 0.712, 0.237, 0.000, 0.000, 0.000
9.924, 0.340, 0.000, 0.511, 0.126, 0.000, 0.000, 0.000, 0.732, 0.292, 0.712, 0.241, 0.000, 0.000, 0.000
9.975, 0.345, 0.000, 0.517, 0.128, 0.000, 0.000, 0.000, 0.739, 0.298, 0.719, 0.243, 0.000, 0.000, 0.000
10.026, 0.344, 0.000, 0.516, 0.127, 0.000, 0.000, 0.000, 0.745, 0.301, 0.721, 0.245, 0.000, 0.000, 0.000
10.076, 0.342, 0.000, 0.516, 0.128, 0.000, 0.000, 0.000, 0.753, 0.301, 0.730, 0.249, 0.000, 0.000, 0.000
10.126, 0.336, 0.000, 0.514, 0.125, 0.000, 0.000, 0.000, 0.670, 0.282, 0.698, 0.222, 0.000, 0.000, 0.000
10.177, 0.336, 0.000, 0.514, 0.125, 0.000, 0.000, 0.000, 0.670, 0.282, 0.698, 0.222, 0.000, 0.000, 0.000
10.228, 0.000, 0.000, 0.000, 0.000, 0.000, 0.000, 0.000, 0.000, 0.000, 0.000, 0.000, 0.000, 0.000, 0.000
10.278, 0.000, 0.000, 0.000, 0.000, 0.000, 0.000, 0.000, 0.000, 0.000, 0.000, 0.000, 0.000, 0.000, 0.000
10.329, 0.000, 0.000, 0.000, 0.000, 0.000, 0.000, 0.000, 0.000, 0.000, 0.000, 0.000, 0.000, 0.000, 0.000
10.379, 0.000, 0.000, 0.000, 0.000, 0.000, 0.000, 0.000, 0.000, 0.000, 0.000, 0.000, 0.000, 0.000, 0.000
10.429, 0.000, 0.000, 0.000, 0.000, 0.000, 0.000, 0.000, 0.000, 0.000, 0.000, 0.000, 0.000, 0.000, 0.000
10.480, 0.000, 0.000, 0.000, 0.000, 0.000, 0.000, 0.000, 0.000, 0.000, 0.000, 0.000, 0.000, 0.000, 0.000
10.530, 0.000, 0.000, 0.000, 0.000, 0.000, 0.000, 0.000, 0.000, 0.000, 0.000, 0.000, 0.000, 0.000, 0.000
10.580, 0.000, 0.000, 0.000, 0.000, 0.000, 0.000, 0.000, 0.000, 0.000, 0.000, 0.000, 0.000, 0.000, 0.000
10.631, 0.000, 0.000, 0.000, 0.000, 0.000, 0.000, 0.000, 0.000, 0.000, 0.000, 0.000, 0.000, 0.000, 0.000
10.681, 0.000, 0.000, 0.000, 0.000, 0.000, 0.000, 0.000, 0.000, 0.000, 0.000, 0.000, 0.000, 0.000, 0.000
10.732, 0.000, 0.000, 0.000, 0.000, 0.000, 0.000, 0.000, 0.000, 0.000, 0.000, 0.000, 0.000, 0.000, 0.000
10.782, 0.000, 0.000, 0.000, 0.000, 0.000, 0.000, 0.000, 0.000, 0.000, 0.000, 0.000, 0.000, 0.000, 0.000
10.833, 0.000, 0.000, 0.000, 0.000, 0.000, 0.000, 0.000, 0.000, 0.000, 0.000, 0.000, 0.000, 0.000, 0.000
10.884, 0.000, 0.000, 0.000, 0.000, 0.000, 0.000, 0.000, 0.000, 0.000, 0.000, 0.000, 0.000, 0.000, 0.000
10.935, 0.000, 0.000, 0.000, 0.000, 0.000, 0.000, 0.000, 0.000, 0.000, 0.000, 0.000, 0.000, 0.000, 0.000
10.985, 0.000, 0.000, 0.000, 0.000, 0.000, 0.000, 0.000, 0.000, 0.000, 0.000, 0.000, 0.000, 0.000, 0.000
11.036, 0.000, 0.000, 0.000, 0.000, 0.000, 0.000, 0.000, 0.000, 0.000, 0.000, 0.000, 0.000, 0.000, 0.000
11.087, 0.000, 0.000, 0.000, 0.000, 0.000, 0.000, 0.000, 0.000, 0.000, 0.000, 0.000, 0.000, 0.000, 0.000
11.138, 0.000, 0.000, 0.000, 0.000, 0.000, 0.000, 0.000, 0.000, 0.000, 0.000, 0.000, 0.000, 0.000, 0.000
11.189, 0.000, 0.000, 0.000, 0.000, 0.000, 0.000, 0.000, 0.000, 0.000, 0.000, 0.000, 0.000, 0.000, 0.000
11.239, 0.000, 0.000, 0.000, 0.000, 0.000, 0.000, 0.000, 0.000, 0.000, 0.000, 0.000, 0.000, 0.000, 0.000
11.289, 0.000, 0.000, 0.000, 0.000, 0.000, 0.000, 0.000, 0.000, 0.000, 0.000, 0.000, 0.000, 0.000, 0.000
11.340, 0.000, 0.000, 0.000, 0.000, 0.000, 0.000, 0.000, 0.000, 0.000, 0.000, 0.000, 0.000, 0.000, 0.000
11.391, 0.000, 0.000, 0.000, 0.000, 0.000, 0.000, 0.000, 0.000, 0.000, 0.000, 0.000, 0.000, 0.000, 0.000
11.442, 0.000, 0.000, 0.000, 0.000, 0.000, 0.000, 0.000, 0.000, 0.000, 0.000, 0.000, 0.000, 0.000, 0.000
11.494, 0.000, 0.000, 0.000, 0.000, 0.000, 0.000, 0.000, 0.000, 0.000, 0.000, 0.000, 0.000, 0.000, 0.000
11.544, 0.000, 0.000, 0.000, 0.000, 0.000, 0.000, 0.000, 0.000, 0.000, 0.000, 0.000, 0.000, 0.000, 0.000
11.595, 0.000, 0.000, 0.000, 0.000, 0.000, 0.000, 0.000, 0.000, 0.000, 0.000, 0.000, 0.000, 0.000, 0.000
11.646, 0.000, 0.000, 0.000, 0.000, 0.000, 0.000, 0.000, 0.000, 0.000, 0.000, 0.000, 0.000, 0.000, 0.000
11.696, 0.000, 0.000, 0.000, 0.000, 0.000, 0.000, 0.000, 0.000, 0.000, 0.000, 0.000, 0.000, 0.000, 0.000
11.746, 0.000, 0.000, 0.000, 0.000, 0.000, 0.000, 0.000, 0.000, 0.000, 0.000, 0.000, 0.000, 0.000, 0.000
11.797, 0.000, 0.000, 0.000, 0.000, 0.000, 0.000, 0.000, 0.000, 0.000, 0.000, 0.000, 0.000, 0.000, 0.000
11.848, 0.000, 0.000, 0.000, 0.000, 0.000, 0.000, 0.000, 0.000, 0.000, 0.000, 0.000, 0.000, 0.000, 0.000
11.898, 0.000, 0.000, 0.000, 0.000, 0.000, 0.000, 0.000, 0.000, 0.000, 0.000, 0.000, 0.000, 0.000, 0.000
11.949, 0.000, 0.000, 0.000, 0.000, 0.000, 0.000, 0.000, 0.000, 0.000, 0.000, 0.000, 0.000, 0.000, 0.000
12.000, 0.000, 0.000, 0.000, 0.000, 0.000, 0.000, 0.000, 0.000, 0.000, 0.000, 0.000, 0.000, 0.000, 0.000
12.050, 0.000, 0.000, 0.000, 0.000, 0.000, 0.000, 0.000, 0.000, 0.000, 0.000, 0.000, 0.000, 0.000, 0.000
12.101, 0.000, 0.000, 0.000, 0.000, 0.000, 0.000, 0.000, 0.000, 0.000, 0.000, 0.000, 0.000, 0.000, 0.000
12.151, 0.000, 0.000, 0.000, 0.000, 0.000, 0.000, 0.000, 0.000, 0.000, 0.000, 0.000, 0.000, 0.000, 0.000
12.202, 0.000, 0.000, 0.000, 0.000, 0.000, 0.000, 0.000, 0.000, 0.000, 0.000, 0.000, 0.000, 0.000, 0.000
12.252, 0.000, 0.000, 0.000, 0.000, 0.000, 0.000, 0.000, 0.000, 0.000, 0.000, 0.000, 0.000, 0.000, 0.000
12.303, 0.000, 0.000, 0.000, 0.000, 0.000, 0.000, 0.000, 0.000, 0.000, 0.000, 0.000, 0.138, 0.000, 0.000
12.354, 0.000, 0.000, 0.000, 0.000, 0.000, 0.094, 0.000, 0.000, 0.000, 0.260, 0.085, 0.309, 0.000, 0.000
12.405, 0.000, 0.000, 0.000, 0.000, 0.073, 0.108, 0.000, 0.000, 0.000, 0.316, 0.098, 0.345, 0.000, 0.000
12.455, 0.000, 0.000, 0.000, 0.000, 0.076, 0.114, 0.000, 0.000, 0.000, 0.326, 0.103, 0.364, 0.000, 0.000
12.505, 0.000, 0.000, 0.000, 0.000, 0.086, 0.123, 0.000, 0.000, 0.000, 0.363, 0.103, 0.378, 0.000, 0.000
12.556, 0.000, 0.000, 0.000, 0.000, 0.074, 0.109, 0.000, 0.000, 0.000, 0.315, 0.095, 0.343, 0.000, 0.000
12.606, 0.000, 0.000, 0.000, 0.000, 0.064, 0.106, 0.000, 0.000, 0.000, 0.298, 0.088, 0.334, 0.000, 0.000
12.657, 0.000, 0.000, 0.000, 0.000, 0.000, 0.095, 0.000, 0.000, 0.000, 0.236, 0.075, 0.276, 0.000, 0.000
12.708, 0.000, 0.000, 0.000, 0.000, 0.000, 0.081, 0.000, 0.000, 0.000, 0.199, 0.066, 0.247, 0.000, 0.000
12.759, 0.000, 0.000, 0.000, 0.000, 0.000, 0.101, 0.000, 0.000, 0.000, 0.226, 0.078, 0.268, 0.000, 0.000
12.810, 0.000, 0.000, 0.000, 0.000, 0.000, 0.112, 0.000, 0.000, 0.000, 0.271, 0.091, 0.321, 0.000, 0.000
12.862, 0.000, 0.000, 0.000, 0.000, 0.056, 0.123, 0.000, 0.000, 0.000, 0.316, 0.111, 0.385, 0.000, 0.000
12.913, 0.000, 0.000, 0.000, 0.000, 0.069, 0.137, 0.000, 0.000, 0.000, 0.372, 0.130, 0.421, 0.000, 0.000
12.963, 0.000, 0.000, 0.000, 0.000, 0.078, 0.140, 0.000, 0.000, 0.000, 0.407, 0.135, 0.461, 0.000, 0.000
13.014, 0.000, 0.000, 0.113, 0.000, 0.104, 0.155, 0.000, 0.000, 0.000, 0.451, 0.158, 0.483, 0.000, 0.000
13.065, 0.000, 0.000, 0.182, 0.000, 0.108, 0.159, 0.000, 0.000, 0.000, 0.467, 0.164, 0.499, 0.000, 0.000
13.116, 0.000, 0.000, 0.196, 0.000, 0.111, 0.163, 0.000, 0.000, 0.000, 0.473, 0.170, 0.507, 0.000, 0.000
13.166, 0.000, 0.000, 0.165, 0.000, 0.117, 0.168, 0.000, 0.000, 0.000, 0.476, 0.174, 0.522, 0.000, 0.000
13.217, 0.000, 0.000, 0.177, 0.000, 0.120, 0.171, 0.000, 0.000, 0.000, 0.483, 0.180, 0.519, 0.000, 0.000
13.268, 0.000, 0.000, 0.174, 0.000, 0.116, 0.173, 0.000, 0.000, 0.000, 0.488, 0.181, 0.519, 0.000, 0.000
13.318, 0.000, 0.000, 0.189, 0.000, 0.119, 0.174, 0.000, 0.000, 0.000, 0.498, 0.186, 0.520, 0.000, 0.000
13.369, 0.000, 0.000, 0.187, 0.000, 0.121, 0.174, 0.000, 0.000, 0.000, 0.506, 0.188, 0.527, 0.000, 0.000
13.419, 0.000, 0.000, 0.188, 0.000, 0.121, 0.175, 0.000, 0.000, 0.000, 0.507, 0.186, 0.527, 0.000, 0.000
13.470, 0.000, 0.000, 0.187, 0.000, 0.124, 0.177, 0.000, 0.000, 0.000, 0.505, 0.190, 0.532, 0.000, 0.000
13.520, 0.000, 0.000, 0.190, 0.000, 0.123, 0.176, 0.000, 0.000, 0.000, 0.507, 0.191, 0.536, 0.000, 0.000
13.571, 0.000, 0.000, 0.195, 0.000, 0.123, 0.177, 0.000, 0.000, 0.000, 0.508, 0.193, 0.540, 0.000, 0.000
13.621, 0.000, 0.000, 0.189, 0.000, 0.124, 0.178, 0.000, 0.000, 0.000, 0.510, 0.196, 0.540, 0.000, 0.000
13.671, 0.000, 0.000, 0.185, 0.000, 0.121, 0.171, 0.000, 0.000, 0.000, 0.494, 0.179, 0.509, 0.000, 0.000
13.722, 0.000, 0.000, 0.185, 0.000, 0.121, 0.171, 0.000, 0.000, 0.000, 0.494, 0.179, 0.509, 0.000, 0.000
13.772, 0.000, 0.000, 0.000, 0.000, 0.000, 0.000, 0.000, 0.000, 0.000, 0.000, 0.000, 0.000, 0.000, 0.000
13.823, 0.000, 0.000, 0.000, 0.000, 0.000, 0.000, 0.000, 0.000, 0.000, 0.000, 0.000, 0.000, 0.000, 0.000
13.873, 0.000, 0.000, 0.000, 0.000, 0.000, 0.000, 0.000, 0.000, 0.000, 0.000, 0.000, 0.000, 0.000, 0.000
13.924, 0.000, 0.000, 0.000, 0.000, 0.000, 0.000, 0.000, 0.000, 0.000, 0.000, 0.000, 0.000, 0.000, 0.000
13.975, 0.000, 0.000, 0.000, 0.000, 0.000, 0.000, 0.000, 0.000, 0.000, 0.000, 0.000, 0.000, 0.000, 0.000
14.026, 0.000, 0.000, 0.000, 0.000, 0.000, 0.000, 0.000, 0.000, 0.000, 0.000, 0.000, 0.000, 0.000, 0.000
14.076, 0.000, 0.000, 0.000, 0.000, 0.000, 0.000, 0.000, 0.000, 0.000, 0.000, 0.000, 0.000, 0.000, 0.000
14.128, 0.000, 0.000, 0.000, 0.000, 0.000, 0.000, 0.000, 0.000, 0.000, 0.000, 0.000, 0.000, 0.000, 0.000
14.179, 0.000, 0.000, 0.000, 0.000, 0.000, 0.000, 0.000, 0.000, 0.000, 0.000, 0.000, 0.000, 0.000, 0.000
14.230, 0.000, 0.000, 0.000, 0.000, 0.000, 0.000, 0.000, 0.000, 0.000, 0.000, 0.000, 0.000, 0.000, 0.000
14.280, 0.000, 0.000, 0.000, 0.000, 0.000, 0.000, 0.000, 0.000, 0.000, 0.000, 0.000, 0.000, 0.000, 0.000
14.331, 0.000, 0.000, 0.000, 0.000, 0.000, 0.000, 0.000, 0.000, 0.000, 0.000, 0.000, 0.000, 0.000, 0.000
14.383, 0.000, 0.000, 0.000, 0.000, 0.000, 0.000, 0.000, 0.000, 0.000, 0.000, 0.000, 0.000, 0.000, 0.000
14.433, 0.000, 0.000, 0.000, 0.000, 0.000, 0.000, 0.000, 0.000, 0.000, 0.000, 0.000, 0.000, 0.000, 0.000
14.484, 0.000, 0.000, 0.000, 0.000, 0.000, 0.000, 0.000, 0.000, 0.000, 0.000, 0.000, 0.000, 0.000, 0.000
14.535, 0.000, 0.000, 0.000, 0.000, 0.000, 0.000, 0.000, 0.000, 0.000, 0.000, 0.000, 0.000, 0.000, 0.000
14.586, 0.000, 0.000, 0.000, 0.000, 0.000, 0.000, 0.000, 0.000, 0.000, 0.000, 0.000, 0.000, 0.000, 0.000
14.636, 0.000, 0.000, 0.000, 0.000, 0.000, 0.000, 0.000, 0.000, 0.000, 0.000, 0.000, 0.000, 0.000, 0.000
14.687, 0.000, 0.000, 0.000, 0.000, 0.000, 0.000, 0.000, 0.000, 0.000, 0.000, 0.000, 0.000, 0.000, 0.000
14.737, 0.000, 0.000, 0.000, 0.000, 0.000, 0.000, 0.000, 0.000, 0.000, 0.000, 0.000, 0.000, 0.000, 0.000
14.788, 0.000, 0.000, 0.000, 0.000, 0.000, 0.000, 0.000, 0.000, 0.000, 0.000, 0.000, 0.000, 0.000, 0.000
14.839, 0.000, 0.000, 0.000, 0.000, 0.000, 0.000, 0.000, 0.000, 0.000, 0.000, 0.000, 0.000, 0.000, 0.000
14.890, 0.000, 0.000, 0.000, 0.000, 0.000, 0.000, 0.000, 0.000, 0.000, 0.000, 0.000, 0.000, 0.000, 0.000
14.940, 0.000, 0.000, 0.000, 0.000, 0.000, 0.000, 0.000, 0.000, 0.000, 0.000, 0.000, 0.000, 0.000, 0.000
14.990, 0.000, 0.000, 0.000, 0.000, 0.000, 0.000, 0.000, 0.000, 0.000, 0.000, 0.000, 0.000, 0.000, 0.000
15.041, 0.000, 0.000, 0.000, 0.000, 0.000, 0.000, 0.000, 0.000, 0.000, 0.000, 0.000, 0.000, 0.000, 0.000
15.091, 0.000, 0.000, 0.000, 0.000, 0.000, 0.000, 0.000, 0.000, 0.000, 0.000, 0.000, 0.000, 0.000, 0.000
15.143, 0.000, 0.000, 0.000, 0.000, 0.000, 0.000, 0.000, 0.000, 0.000, 0.000, 0.000, 0.000, 0.000, 0.000
15.194, 0.000, 0.000, 0.000, 0.000, 0.000, 0.000, 0.000, 0.000, 0.000, 0.000, 0.000, 0.000, 0.000, 0.000
15.244, 0.000, 0.000, 0.000, 0.000, 0.000, 0.000, 0.000, 0.000, 0.000, 0.000, 0.000, 0.000, 0.000, 0.000
15.294, 0.000, 0.000, 0.000, 0.000, 0.000, 0.000, 0.000, 0.000, 0.000, 0.000, 0.000, 0.000, 0.000, 0.000
15.345, 0.000, 0.000, 0.000, 0.000, 0.000, 0.000, 0.000, 0.000, 0.000, 0.000, 0.000, 0.000, 0.000, 0.000
15.396, 0.000, 0.000, 0.000, 0.000, 0.000, 0.000, 0.000, 0.000, 0.000, 0.000, 0.000, 0.000, 0.000, 0.000
15.447, 0.000, 0.000, 0.000, 0.000, 0.000, 0.000, 0.000, 0.000, 0.000, 0.000, 0.000, 0.000, 0.000, 0.000
15.497, 0.000, 0.000, 0.000, 0.000, 0.000, 0.000, 0.000, 0.000, 0.000, 0.000, 0.000, 0.000, 0.000, 0.000
15.548, 0.000, 0.000, 0.000, 0.000, 0.000, 0.000, 0.000, 0.000, 0.000, 0.063, 0.000, 0.066, 0.000, 0.000
15.598, 0.000, 0.000, 0.081, 0.000, 0.000, 0.068, 0.000, 0.000, 0.000, 0.398, 0.150, 0.159, 0.000, 0.000
15.649, 0.000, 0.000, 0.105, 0.054, 0.000, 0.078, 0.000, 0.000, 0.000, 0.448, 0.172, 0.255, 0.000, 0.000
15.700, 0.000, 0.000, 0.083, 0.053, 0.000, 0.073, 0.000, 0.000, 0.000, 0.449, 0.166, 0.255, 0.000, 0.000
15.750, 0.000, 0.000, 0.073, 0.053, 0.000, 0.066, 0.000, 0.000, 0.000, 0.411, 0.161, 0.225, 0.000, 0.000
15.800, 0.000, 0.000, 0.000, 0.000, 0.000, 0.058, 0.000, 0.000, 0.000, 0.367, 0.122, 0.202, 0.000, 0.000
15.851, 0.000, 0.000, 0.000, 0.000, 0.000, 0.054, 0.000, 0.000, 0.000, 0.351, 0.107, 0.195, 0.000, 0.000
15.901, 0.000, 0.000, 0.000, 0.000, 0.000, 0.000, 0.000, 0.000, 0.000, 0.304, 0.083, 0.173, 0.000, 0.000
15.952, 0.000, 0.000, 0.000, 0.000, 0.000, 0.061, 0.000, 0.000, 0.000, 0.350, 0.111, 0.191, 0.000, 0.000
16.002, 0.000, 0.000, 0.000, 0.000, 0.000, 0.069, 0.000, 0.000, 0.000, 0.370, 0.133, 0.203, 0.000, 0.000
16.052, 0.000, 0.000, 0.087, 0.000, 0.000, 0.078, 0.000, 0.000, 0.000, 0.442, 0.137, 0.232, 0.000, 0.000
16.104, 0.000, 0.000, 0.103, 0.000, 0.000, 0.084, 0.000, 0.000, 0.000, 0.486, 0.160, 0.267, 0.000, 0.000
16.154, 0.000, 0.000, 0.110, 0.000, 0.000, 0.089, 0.000, 0.000, 0.000, 0.522, 0.174, 0.288, 0.000, 0.000
16.205, 0.000, 0.000, 0.171, 0.000, 0.000, 0.094, 0.000, 0.000, 0.000, 0.569, 0.199, 0.310, 0.000, 0.000
16.255, 0.000, 0.000, 0.209, 0.000, 0.000, 0.106, 0.000, 0.000, 0.000, 0.635, 0.212, 0.349, 0.000, 0.000
16.306, 0.000, 0.000, 0.261, 0.000, 0.000, 0.109, 0.000, 0.000, 0.000, 0.674, 0.225, 0.367, 0.000, 0.000
16.356, 0.000, 0.000, 0.274, 0.000, 0.000, 0.116, 0.000, 0.000, 0.000, 0.701, 0.243, 0.372, 0.000, 0.000
16.407, 0.000, 0.000, 0.291, 0.000, 0.000, 0.119, 0.000, 0.000, 0.000, 0.723, 0.255, 0.376, 0.000, 0.000
16.457, 0.000, 0.000, 0.285, 0.000, 0.000, 0.121, 0.000, 0.000, 0.000, 0.728, 0.259, 0.391, 0.000, 0.000
16.507, 0.000, 0.000, 0.303, 0.000, 0.000, 0.123, 0.000, 0.000, 0.000, 0.744, 0.263, 0.402, 0.000, 0.000
16.558, 0.000, 0.000, 0.301, 0.000, 0.000, 0.125, 0.000, 0.000, 0.000, 0.754, 0.269, 0.411, 0.000, 0.000
16.608, 0.000, 0.000, 0.309, 0.000, 0.000, 0.126, 0.000, 0.000, 0.000, 0.757, 0.268, 0.411, 0.000, 0.000
16.659, 0.000, 0.000, 0.318, 0.000, 0.000, 0.127, 0.000, 0.000, 0.000, 0.760, 0.276, 0.416, 0.000, 0.000
16.709, 0.000, 0.000, 0.330, 0.000, 0.000, 0.129, 0.000, 0.000, 0.000, 0.767, 0.280, 0.414, 0.000, 0.000
16.760, 0.000, 0.000, 0.336, 0.000, 0.000, 0.130, 0.000, 0.000, 0.000, 0.766, 0.285, 0.415, 0.000, 0.000
16.811, 0.000, 0.000, 0.337, 0.000, 0.000, 0.132, 0.000, 0.000, 0.000, 0.767, 0.285, 0.415, 0.000, 0.000
16.861, 0.000, 0.000, 0.333, 0.000, 0.000, 0.126, 0.000, 0.000, 0.000, 0.757, 0.277, 0.397, 0.000, 0.000
16.911, 0.000, 0.000, 0.333, 0.000, 0.000, 0.126, 0.000, 0.000, 0.000, 0.757, 0.277, 0.397, 0.000, 0.000
16.962, 0.000, 0.000, 0.333, 0.000, 0.000, 0.126, 0.000, 0.000, 0.000, 0.757, 0.277, 0.397, 0.000, 0.000
17.013, 0.000, 0.000, 0.000, 0.000, 0.000, 0.000, 0.000, 0.000, 0.000, 0.000, 0.000, 0.000, 0.000, 0.000
17.064, 0.000, 0.000, 0.000, 0.000, 0.000, 0.000, 0.000, 0.000, 0.000, 0.000, 0.000, 0.000, 0.000, 0.000
17.115, 0.000, 0.000, 0.000, 0.000, 0.000, 0.000, 0.000, 0.000, 0.000, 0.000, 0.000, 0.000, 0.000, 0.000
17.165, 0.000, 0.000, 0.000, 0.000, 0.000, 0.000, 0.000, 0.000, 0.000, 0.000, 0.000, 0.000, 0.000, 0.000
17.215, 0.000, 0.000, 0.000, 0.000, 0.000, 0.000, 0.000, 0.000, 0.000, 0.000, 0.000, 0.000, 0.000, 0.000
17.265, 0.000, 0.000, 0.000, 0.000, 0.000, 0.000, 0.000, 0.000, 0.000, 0.000, 0.000, 0.000, 0.000, 0.000
17.316, 0.000, 0.000, 0.000, 0.000, 0.000, 0.000, 0.000, 0.000, 0.000, 0.000, 0.000, 0.000, 0.000, 0.000
17.366, 0.000, 0.000, 0.000, 0.000, 0.000, 0.000, 0.000, 0.000, 0.000, 0.000, 0.000, 0.000, 0.000, 0.000
17.416, 0.000, 0.000, 0.000, 0.000, 0.000, 0.000, 0.000, 0.000, 0.000, 0.000, 0.000, 0.000, 0.000, 0.000
17.467, 0.000, 0.000, 0.000, 0.000, 0.000, 0.000, 0.000, 0.000, 0.000, 0.000, 0.000, 0.000, 0.000, 0.000
17.520, 0.000, 0.000, 0.000, 0.000, 0.000, 0.000, 0.000, 0.000, 0.000, 0.000, 0.000, 0.000, 0.000, 0.000
17.571, 0.000, 0.000, 0.000, 0.000, 0.000, 0.000, 0.000, 0.000, 0.000, 0.000, 0.000, 0.000, 0.000, 0.000
17.621, 0.000, 0.000, 0.000, 0.000, 0.000, 0.000, 0.000, 0.000, 0.000, 0.000, 0.000, 0.000, 0.000, 0.000
17.671, 0.000, 0.000, 0.000, 0.000, 0.000, 0.000, 0.000, 0.000, 0.000, 0.000, 0.000, 0.000, 0.000, 0.000
17.722, 0.000, 0.000, 0.000, 0.000, 0.000, 0.000, 0.000, 0.000, 0.000, 0.000, 0.000, 0.000, 0.000, 0.000
17.773, 0.000, 0.000, 0.000, 0.000, 0.000, 0.000, 0.000, 0.000, 0.000, 0.000, 0.000, 0.000, 0.000, 0.000
17.824, 0.000, 0.000, 0.000, 0.000, 0.000, 0.000, 0.000, 0.000, 0.000, 0.000, 0.000, 0.000, 0.000, 0.000
17.875, 0.000, 0.000, 0.000, 0.000, 0.000, 0.000, 0.000, 0.000, 0.000, 0.000, 0.000, 0.000, 0.000, 0.000
17.925, 0.000, 0.000, 0.000, 0.000, 0.000, 0.000, 0.000, 0.000, 0.000, 0.000, 0.000, 0.000, 0.000, 0.000
17.975, 0.000, 0.000, 0.000, 0.000, 0.000, 0.000, 0.000, 0.000, 0.000, 0.000, 0.000, 0.000, 0.000, 0.000
18.026, 0.000, 0.000, 0.000, 0.000, 0.000, 0.000, 0.000, 0.000, 0.000, 0.000, 0.000, 0.000, 0.000, 0.000
18.077, 0.000, 0.000, 0.000, 0.000, 0.000, 0.000, 0.000, 0.000, 0.000, 0.000, 0.000, 0.000, 0.000, 0.000
18.127, 0.000, 0.000, 0.000, 0.000, 0.000, 0.000, 0.000, 0.000, 0.000, 0.000, 0.000, 0.000, 0.000, 0.000
18.177, 0.000, 0.000, 0.000, 0.000, 0.000, 0.000, 0.000, 0.000, 0.000, 0.000, 0.000, 0.000, 0.000, 0.000
18.228, 0.000, 0.000, 0.000, 0.000, 0.000, 0.000, 0.000, 0.000, 0.000, 0.000, 0.000, 0.000, 0.000, 0.000
18.278, 0.000, 0.000, 0.000, 0.000, 0.000, 0.000, 0.000, 0.000, 0.000, 0.000, 0.000, 0.000, 0.000, 0.000
18.329, 0.000, 0.000, 0.000, 0.000, 0.000, 0.000, 0.000, 0.000, 0.000, 0.000, 0.000, 0.000, 0.000, 0.000
18.380, 0.000, 0.000, 0.000, 0.000, 0.000, 0.000, 0.000, 0.000, 0.000, 0.000, 0.000, 0.000, 0.000, 0.000
18.430, 0.000, 0.000, 0.000, 0.000, 0.000, 0.000, 0.000, 0.000, 0.000, 0.000, 0.000, 0.000, 0.000, 0.000
18.482, 0.000, 0.000, 0.000, 0.000, 0.000, 0.000, 0.000, 0.000, 0.000, 0.000, 0.000, 0.000, 0.000, 0.000
18.532, 0.000, 0.000, 0.000, 0.000, 0.000, 0.000, 0.000, 0.000, 0.000, 0.000, 0.000, 0.000, 0.000, 0.000
18.582, 0.000, 0.000, 0.000, 0.000, 0.000, 0.000, 0.000, 0.000, 0.000, 0.000, 0.000, 0.000, 0.000, 0.000
18.633, 0.000, 0.000, 0.000, 0.000, 0.000, 0.000, 0.000, 0.000, 0.000, 0.000, 0.000, 0.000, 0.000, 0.000
18.684, 0.000, 0.000, 0.000, 0.000, 0.000, 0.000, 0.000, 0.000, 0.000, 0.000, 0.000, 0.000, 0.000, 0.000
18.734, 0.000, 0.000, 0.000, 0.000, 0.000, 0.000, 0.000, 0.000, 0.000, 0.000, 0.000, 0.000, 0.000, 0.000
18.785, 0.000, 0.000, 0.000, 0.000, 0.000, 0.000, 0.000, 0.000, 0.000, 0.000, 0.000, 0.000, 0.000, 0.000
18.836, 0.000, 0.000, 0.000, 0.000, 0.000, 0.000, 0.000, 0.000, 0.000, 0.000, 0.000, 0.056, 0.000, 0.000
18.886, 0.000, 0.000, 0.000, 0.000, 0.063, 0.107, 0.000, 0.000, 0.000, 0.000, 0.000, 0.186, 0.000, 0.000
18.937, 0.000, 0.000, 0.000, 0.000, 0.093, 0.146, 0.000, 0.000, 0.000, 0.000, 0.000, 0.259, 0.000, 0.000
18.987, 0.000, 0.000, 0.000, 0.000, 0.100, 0.159, 0.000, 0.000, 0.000, 0.000, 0.000, 0.276, 0.000, 0.000
19.038, 0.000, 0.000, 0.000, 0.000, 0.121, 0.176, 0.000, 0.000, 0.000, 0.000, 0.000, 0.315, 0.057, 0.000
19.088, 0.000, 0.000, 0.000, 0.000, 0.126, 0.187, 0.000, 0.000, 0.000, 0.000, 0.000, 0.326, 0.058, 0.000
19.139, 0.000, 0.000, 0.000, 0.000, 0.129, 0.190, 0.000, 0.000, 0.000, 0.000, 0.000, 0.328, 0.064, 0.000
19.189, 0.000, 0.000, 0.000, 0.000, 0.130, 0.193, 0.000, 0.000, 0.000, 0.000, 0.000, 0.327, 0.064, 0.000
19.240, 0.000, 0.000, 0.000, 0.000, 0.132, 0.199, 0.000, 0.000, 0.000, 0.000, 0.000, 0.331, 0.070, 0.000
19.290, 0.000, 0.000, 0.000, 0.000, 0.134, 0.199, 0.000, 0.000, 0.000, 0.000, 0.000, 0.336, 0.073, 0.000
19.340, 0.000, 0.000, 0.000, 0.000, 0.135, 0.199, 0.000, 0.000, 0.000, 0.000, 0.000, 0.336, 0.073, 0.000
19.391, 0.000, 0.000, 0.000, 0.000, 0.136, 0.202, 0.000, 0.000, 0.000, 0.000, 0.000, 0.338, 0.076, 0.000
19.444, 0.000, 0.000, 0.000, 0.000, 0.137, 0.204, 0.000, 0.000, 0.000, 0.000, 0.000, 0.339, 0.077, 0.000
19.495, 0.000, 0.000, 0.000, 0.000, 0.138, 0.207, 0.000, 0.000, 0.000, 0.000, 0.000, 0.344, 0.079, 0.000
19.546, 0.000, 0.000, 0.000, 0.000, 0.139, 0.207, 0.000, 0.000, 0.000, 0.000, 0.000, 0.345, 0.082, 0.000
19.596, 0.000, 0.000, 0.000, 0.000, 0.141, 0.209, 0.000, 0.000, 0.000, 0.000, 0.000, 0.348, 0.082, 0.000
19.646, 0.000, 0.000, 0.000, 0.000, 0.142, 0.208, 0.000, 0.000, 0.000, 0.000, 0.000, 0.348, 0.082, 0.000
19.696, 0.000, 0.000, 0.000, 0.000, 0.145, 0.211, 0.000, 0.000, 0.000, 0.000, 0.000, 0.348, 0.082, 0.000
19.747, 0.000, 0.000, 0.000, 0.000, 0.147, 0.210, 0.000, 0.000, 0.000, 0.000, 0.000, 0.352, 0.085, 0.000
19.798, 0.000, 0.000, 0.000, 0.000, 0.146, 0.212, 0.000, 0.000, 0.000, 0.000, 0.000, 0.353, 0.085, 0.000
19.848, 0.000, 0.000, 0.000, 0.000, 0.148, 0.212, 0.000, 0.000, 0.000, 0.000, 0.000, 0.354, 0.084, 0.000
19.899, 0.000, 0.000, 0.000, 0.000, 0.136, 0.199, 0.000, 0.000, 0.000, 0.000, 0.000, 0.309, 0.066, 0.000
19.949, 0.000, 0.000, 0.000, 0.000, 0.136, 0.199, 0.000, 0.000, 0.000, 0.000, 0.000, 0.309, 0.066, 0.000
20.000, 0.000, 0.000, 0.000, 0.000, 0.000, 0.000, 0.000, 0.000, 0.000, 0.000, 0.000, 0.000, 0.000, 0.000
20.050, 0.000, 0.000, 0.000, 0.000, 0.000, 0.000, 0.000, 0.000, 0.000, 0.000, 0.000, 0.000, 0.000, 0.000
20.101, 0.000, 0.000, 0.000, 0.000, 0.000, 0.000, 0.000, 0.000, 0.000, 0.000, 0.000, 0.000, 0.000, 0.000
20.151, 0.000, 0.000, 0.000, 0.000, 0.000, 0.000, 0.000, 0.000, 0.000, 0.000, 0.000, 0.000, 0.000, 0.000
20.203, 0.000, 0.000, 0.000, 0.000, 0.000, 0.000, 0.000, 0.000, 0.000, 0.000, 0.000, 0.000, 0.000, 0.000
20.253, 0.000, 0.000, 0.000, 0.000, 0.000, 0.000, 0.000, 0.000, 0.000, 0.000, 0.000, 0.000, 0.000, 0.000
20.308, 0.000, 0.000, 0.000, 0.000, 0.000, 0.000, 0.000, 0.000, 0.000, 0.000, 0.000, 0.000, 0.000, 0.000
20.359, 0.000, 0.000, 0.000, 0.000, 0.000, 0.000, 0.000, 0.000, 0.000, 0.000, 0.000, 0.000, 0.000, 0.000
20.409, 0.000, 0.000, 0.000, 0.000, 0.000, 0.000, 0.000, 0.000, 0.000, 0.000, 0.000, 0.000, 0.000, 0.000
20.460, 0.000, 0.000, 0.000, 0.000, 0.000, 0.000, 0.000, 0.000, 0.000, 0.000, 0.000, 0.000, 0.000, 0.000
20.511, 0.000, 0.000, 0.000, 0.000, 0.000, 0.000, 0.000, 0.000, 0.000, 0.000, 0.000, 0.000, 0.000, 0.000
20.561, 0.000, 0.000, 0.000, 0.000, 0.000, 0.000, 0.000, 0.000, 0.000, 0.000, 0.000, 0.000, 0.000, 0.000
20.612, 0.000, 0.000, 0.000, 0.000, 0.000, 0.000, 0.000, 0.000, 0.000, 0.000, 0.000, 0.000, 0.000, 0.000
20.662, 0.000, 0.000, 0.000, 0.000, 0.000, 0.000, 0.000, 0.000, 0.000, 0.000, 0.000, 0.000, 0.000, 0.000
20.713, 0.000, 0.000, 0.000, 0.000, 0.000, 0.000, 0.000, 0.000, 0.000, 0.000, 0.000, 0.000, 0.000, 0.000
20.763, 0.000, 0.000, 0.000, 0.000, 0.000, 0.000, 0.000, 0.000, 0.000, 0.000, 0.000, 0.000, 0.000, 0.000
20.813, 0.000, 0.000, 0.000, 0.000, 0.000, 0.000, 0.000, 0.000, 0.000, 0.000, 0.000, 0.000, 0.000, 0.000
20.863, 0.000, 0.000, 0.000, 0.000, 0.000, 0.000, 0.000, 0.000, 0.000, 0.000, 0.000, 0.000, 0.000, 0.000
20.914, 0.000, 0.000, 0.000, 0.000, 0.000, 0.000, 0.000, 0.000, 0.000, 0.000, 0.000, 0.000, 0.000, 0.000
20.965, 0.000, 0.000, 0.000, 0.000, 0.000, 0.000, 0.000, 0.000, 0.000, 0.000, 0.000, 0.000, 0.000, 0.000
21.015, 0.000, 0.000, 0.000, 0.000, 0.000, 0.000, 0.000, 0.000, 0.000, 0.000, 0.000, 0.000, 0.000, 0.000
21.066, 0.000, 0.000, 0.000, 0.000, 0.000, 0.000, 0.000, 0.000, 0.000, 0.000, 0.000, 0.000, 0.000, 0.000
21.117, 0.000, 0.000, 0.000, 0.000, 0.000, 0.000, 0.000, 0.000, 0.000, 0.000, 0.000, 0.000, 0.000, 0.000
21.167, 0.000, 0.000, 0.000, 0.000, 0.000, 0.000, 0.000, 0.000, 0.000, 0.000, 0.000, 0.000, 0.000, 0.000
21.218, 0.000, 0.000, 0.000, 0.000, 0.000, 0.000, 0.000, 0.000, 0.000, 0.000, 0.000, 0.000, 0.000, 0.000
21.269, 0.000, 0.000, 0.000, 0.000, 0.000, 0.000, 0.000, 0.000, 0.000, 0.000, 0.000, 0.000, 0.000, 0.000
21.320, 0.000, 0.000, 0.000, 0.000, 0.000, 0.000, 0.000, 0.000, 0.000, 0.000, 0.000, 0.000, 0.000, 0.000
21.371, 0.000, 0.000, 0.000, 0.000, 0.000, 0.000, 0.000, 0.000, 0.000, 0.000, 0.000, 0.000, 0.000, 0.000
21.422, 0.000, 0.000, 0.000, 0.000, 0.000, 0.000, 0.000, 0.000, 0.000, 0.000, 0.000, 0.000, 0.000, 0.000
21.472, 0.000, 0.000, 0.000, 0.000, 0.000, 0.000, 0.000, 0.000, 0.000, 0.000, 0.000, 0.000, 0.000, 0.000
21.523, 0.000, 0.000, 0.000, 0.000, 0.000, 0.000, 0.000, 0.000, 0.000, 0.000, 0.000, 0.000, 0.000, 0.000
21.573, 0.000, 0.000, 0.000, 0.000, 0.000, 0.000, 0.000, 0.000, 0.000, 0.000, 0.000, 0.000, 0.000, 0.000
21.624, 0.000, 0.000, 0.000, 0.000, 0.000, 0.000, 0.000, 0.000, 0.000, 0.000, 0.000, 0.000, 0.000, 0.000
21.674, 0.000, 0.000, 0.000, 0.000, 0.000, 0.000, 0.000, 0.000, 0.000, 0.000, 0.000, 0.000, 0.000, 0.000
21.725, 0.000, 0.000, 0.000, 0.000, 0.000, 0.000, 0.000, 0.000, 0.000, 0.000, 0.000, 0.000, 0.000, 0.000
21.776, 0.000, 0.000, 0.000, 0.000, 0.000, 0.000, 0.000, 0.000, 0.000, 0.000, 0.000, 0.000, 0.000, 0.000
21.827, 0.000, 0.000, 0.000, 0.000, 0.000, 0.000, 0.000, 0.000, 0.000, 0.000, 0.000, 0.000, 0.000, 0.000
21.878, 0.000, 0.000, 0.000, 0.000, 0.000, 0.000, 0.000, 0.000, 0.000, 0.000, 0.000, 0.000, 0.000, 0.000
21.928, 0.000, 0.000, 0.000, 0.000, 0.000, 0.000, 0.000, 0.000, 0.000, 0.000, 0.000, 0.000, 0.000, 0.000
21.979, 0.000, 0.000, 0.000, 0.000, 0.000, 0.000, 0.000, 0.000, 0.000, 0.000, 0.000, 0.000, 0.000, 0.000
22.034, 0.000, 0.000, 0.000, 0.000, 0.000, 0.000, 0.000, 0.000, 0.000, 0.000, 0.000, 0.000, 0.000, 0.000
22.085, 0.000, 0.000, 0.000, 0.000, 0.000, 0.000, 0.000, 0.000, 0.000, 0.000, 0.000, 0.000, 0.000, 0.000
22.136, 0.000, 0.000, 0.000, 0.000, 0.000, 0.000, 0.000, 0.000, 0.000, 0.000, 0.000, 0.000, 0.000, 0.000
22.186, 0.000, 0.000, 0.000, 0.000, 0.000, 0.000, 0.000, 0.000, 0.000, 0.000, 0.000, 0.000, 0.000, 0.000
22.237, 0.000, 0.000, 0.000, 0.000, 0.000, 0.000, 0.000, 0.000, 0.000, 0.000, 0.000, 0.000, 0.000, 0.000
22.288, 0.000, 0.000, 0.000, 0.000, 0.000, 0.000, 0.000, 0.000, 0.000, 0.000, 0.000, 0.000, 0.000, 0.000
22.338, 0.000, 0.000, 0.000, 0.000, 0.000, 0.000, 0.000, 0.000, 0.000, 0.000, 0.000, 0.000, 0.000, 0.000
22.388, 0.000, 0.000, 0.000, 0.000, 0.000, 0.000, 0.000, 0.000, 0.000, 0.000, 0.000, 0.000, 0.000, 0.000
22.439, 0.000, 0.000, 0.000, 0.000, 0.000, 0.000, 0.000, 0.000, 0.000, 0.144, 0.052, 0.141, 0.000, 0.000
22.490, 0.000, 0.000, 0.000, 0.054, 0.000, 0.092, 0.000, 0.000, 0.000, 0.322, 0.138, 0.207, 0.000, 0.000
22.541, 0.000, 0.000, 0.000, 0.066, 0.000, 0.110, 0.000, 0.000, 0.000, 0.379, 0.165, 0.227, 0.000, 0.000
22.592, 0.000, 0.000, 0.000, 0.069, 0.000, 0.115, 0.000, 0.000, 0.000, 0.392, 0.172, 0.231, 0.000, 0.000
22.642, 0.000, 0.000, 0.000, 0.069, 0.051, 0.117, 0.000, 0.000, 0.000, 0.402, 0.176, 0.227, 0.000, 0.000
22.693, 0.000, 0.000, 0.000, 0.064, 0.000, 0.106, 0.000, 0.000, 0.000, 0.371, 0.154, 0.217, 0.000, 0.000
22.743, 0.000, 0.000, 0.000, 0.058, 0.000, 0.095, 0.000, 0.000, 0.000, 0.318, 0.139, 0.211, 0.000, 0.000
22.793, 0.000, 0.000, 0.000, 0.052, 0.000, 0.089, 0.000, 0.000, 0.000, 0.304, 0.127, 0.202, 0.000, 0.000
22.844, 0.000, 0.000, 0.000, 0.000, 0.000, 0.075, 0.000, 0.000, 0.000, 0.251, 0.084, 0.190, 0.000, 0.000
22.896, 0.000, 0.000, 0.000, 0.000, 0.000, 0.097, 0.000, 0.000, 0.000, 0.315, 0.121, 0.212, 0.000, 0.000
22.947, 0.000, 0.000, 0.000, 0.000, 0.000, 0.104, 0.000, 0.000, 0.000, 0.342, 0.140, 0.229, 0.000, 0.000
22.997, 0.000, 0.000, 0.000, 0.000, 0.000, 0.123, 0.000, 0.000, 0.000, 0.383, 0.181, 0.248, 0.000, 0.000
23.048, 0.000, 0.000, 0.000, 0.000, 0.000, 0.129, 0.000, 0.000, 0.000, 0.432, 0.190, 0.269, 0.000, 0.000
23.098, 0.000, 0.000, 0.000, 0.000, 0.000, 0.140, 0.000, 0.000, 0.000, 0.472, 0.210, 0.287, 0.000, 0.000
23.148, 0.000, 0.000, 0.077, 0.000, 0.000, 0.142, 0.000, 0.000, 0.000, 0.484, 0.214, 0.287, 0.000, 0.000
23.198, 0.000, 0.000, 0.074, 0.000, 0.000, 0.144, 0.000, 0.000, 0.000, 0.491, 0.221, 0.293, 0.000, 0.000
23.249, 0.000, 0.000, 0.076, 0.000, 0.000, 0.150, 0.000, 0.000, 0.000, 0.507, 0.224, 0.295, 0.000, 0.000
23.300, 0.000, 0.000, 0.090, 0.000, 0.000, 0.150, 0.000, 0.000, 0.000, 0.511, 0.224, 0.295, 0.000, 0.000
23.350, 0.000, 0.000, 0.091, 0.000, 0.000, 0.152, 0.000, 0.000, 0.000, 0.517, 0.228, 0.298, 0.000, 0.000
23.401, 0.000, 0.000, 0.096, 0.000, 0.000, 0.154, 0.000, 0.000, 0.000, 0.522, 0.233, 0.301, 0.000, 0.000
23.451, 0.000, 0.000, 0.094, 0.000, 0.000, 0.156, 0.000, 0.000, 0.000, 0.525, 0.235, 0.302, 0.000, 0.000
23.501, 0.000, 0.000, 0.088, 0.000, 0.000, 0.156, 0.000, 0.000, 0.000, 0.534, 0.239, 0.304, 0.000, 0.000
23.552, 0.000, 0.000, 0.086, 0.000, 0.000, 0.158, 0.000, 0.000, 0.000, 0.539, 0.242, 0.306, 0.000, 0.000
23.602, 0.000, 0.000, 0.085, 0.000, 0.000, 0.157, 0.000, 0.000, 0.000, 0.542, 0.241, 0.306, 0.000, 0.000
23.653, 0.000, 0.000, 0.089, 0.000, 0.000, 0.158, 0.000, 0.000, 0.000, 0.543, 0.244, 0.305, 0.000, 0.000
23.703, 0.000, 0.000, 0.089, 0.000, 0.000, 0.159, 0.000, 0.000, 0.000, 0.551, 0.244, 0.308, 0.000, 0.000
23.758, 0.000, 0.000, 0.092, 0.000, 0.000, 0.160, 0.000, 0.000, 0.000, 0.550, 0.244, 0.306, 0.000, 0.000
23.809, 0.000, 0.000, 0.081, 0.000, 0.000, 0.153, 0.000, 0.000, 0.000, 0.517, 0.221, 0.281, 0.000, 0.000
23.860, 0.000, 0.000, 0.081, 0.000, 0.000, 0.153, 0.000, 0.000, 0.000, 0.517, 0.221, 0.281, 0.000, 0.000
23.910, 0.000, 0.000, 0.000, 0.000, 0.000, 0.000, 0.000, 0.000, 0.000, 0.000, 0.000, 0.000, 0.000, 0.000
23.961, 0.000, 0.000, 0.000, 0.000, 0.000, 0.000, 0.000, 0.000, 0.000, 0.000, 0.000, 0.000, 0.000, 0.000
24.012, 0.000, 0.000, 0.000, 0.000, 0.000, 0.000, 0.000, 0.000, 0.000, 0.000, 0.000, 0.000, 0.000, 0.000
24.062, 0.000, 0.000, 0.000, 0.000, 0.000, 0.000, 0.000, 0.000, 0.000, 0.000, 0.000, 0.000, 0.000, 0.000
24.113, 0.000, 0.000, 0.000, 0.000, 0.000, 0.000, 0.000, 0.000, 0.000, 0.000, 0.000, 0.000, 0.000, 0.000
24.163, 0.000, 0.000, 0.000, 0.000, 0.000, 0.000, 0.000, 0.000, 0.000, 0.000, 0.000, 0.000, 0.000, 0.000
24.214, 0.000, 0.000, 0.000, 0.000, 0.000, 0.000, 0.000, 0.000, 0.000, 0.000, 0.000, 0.000, 0.000, 0.000
24.265, 0.000, 0.000, 0.000, 0.000, 0.000, 0.000, 0.000, 0.000, 0.000, 0.000, 0.000, 0.000, 0.000, 0.000
24.315, 0.000, 0.000, 0.000, 0.000, 0.000, 0.000, 0.000, 0.000, 0.000, 0.000, 0.000, 0.000, 0.000, 0.000
24.365, 0.000, 0.000, 0.000, 0.000, 0.000, 0.000, 0.000, 0.000, 0.000, 0.000, 0.000, 0.000, 0.000, 0.000
24.416, 0.000, 0.000, 0.000, 0.000, 0.000, 0.000, 0.000, 0.000, 0.000, 0.000, 0.000, 0.000, 0.000, 0.000
24.466, 0.000, 0.000, 0.000, 0.000, 0.000, 0.000, 0.000, 0.000, 0.000, 0.000, 0.000, 0.000, 0.000, 0.000
24.517, 0.000, 0.000, 0.000, 0.000, 0.000, 0.000, 0.000, 0.000, 0.000, 0.000, 0.000, 0.000, 0.000, 0.000
24.568, 0.000, 0.000, 0.000, 0.000, 0.000, 0.000, 0.000, 0.000, 0.000, 0.000, 0.000, 0.000, 0.000, 0.000
24.624, 0.000, 0.000, 0.000, 0.000, 0.000, 0.000, 0.000, 0.000, 0.000, 0.000, 0.000, 0.000, 0.000, 0.000
24.674, 0.000, 0.000, 0.000, 0.000, 0.000, 0.000, 0.000, 0.000, 0.000, 0.000, 0.000, 0.000, 0.000, 0.000
24.725, 0.000, 0.000, 0.000, 0.000, 0.000, 0.000, 0.000, 0.000, 0.000, 0.000, 0.000, 0.000, 0.000, 0.000
24.775, 0.000, 0.000, 0.000, 0.000, 0.000, 0.000, 0.000, 0.000, 0.000, 0.000, 0.000, 0.000, 0.000, 0.000
24.825, 0.000, 0.000, 0.000, 0.000, 0.000, 0.000, 0.000, 0.000, 0.000, 0.000, 0.000, 0.000, 0.000, 0.000
24.876, 0.000, 0.000, 0.000, 0.000, 0.000, 0.000, 0.000, 0.000, 0.000, 0.000, 0.000, 0.000, 0.000, 0.000
24.927, 0.000, 0.000, 0.000, 0.000, 0.000, 0.000, 0.000, 0.000, 0.000, 0.000, 0.000, 0.000, 0.000, 0.000
24.978, 0.000, 0.000, 0.000, 0.000, 0.000, 0.000, 0.000, 0.000, 0.000, 0.000, 0.000, 0.000, 0.000, 0.000
25.028, 0.000, 0.000, 0.000, 0.000, 0.000, 0.000, 0.000, 0.000, 0.000, 0.000, 0.000, 0.000, 0.000, 0.000
25.078, 0.000, 0.000, 0.000, 0.000, 0.000, 0.000, 0.000, 0.000, 0.000, 0.000, 0.000, 0.000, 0.000, 0.000
25.129, 0.000, 0.000, 0.000, 0.000, 0.000, 0.000, 0.000, 0.000, 0.000, 0.000, 0.000, 0.000, 0.000, 0.000
25.179, 0.000, 0.000, 0.000, 0.000, 0.000, 0.000, 0.000, 0.000, 0.000, 0.000, 0.000, 0.000, 0.000, 0.000
25.230, 0.000, 0.000, 0.000, 0.000, 0.000, 0.000, 0.000, 0.000, 0.000, 0.000, 0.000, 0.000, 0.000, 0.000
25.280, 0.000, 0.000, 0.000, 0.000, 0.000, 0.000, 0.000, 0.000, 0.000, 0.000, 0.000, 0.000, 0.000, 0.000
25.331, 0.000, 0.000, 0.000, 0.000, 0.000, 0.000, 0.000, 0.000, 0.000, 0.000, 0.000, 0.000, 0.000, 0.000
25.383, 0.000, 0.000, 0.000, 0.000, 0.000, 0.000, 0.000, 0.000, 0.000, 0.000, 0.000, 0.000, 0.000, 0.000
25.434, 0.000, 0.000, 0.000, 0.000, 0.000, 0.000, 0.000, 0.000, 0.000, 0.000, 0.000, 0.000, 0.000, 0.000
25.484, 0.000, 0.000, 0.000, 0.000, 0.000, 0.000, 0.000, 0.000, 0.000, 0.000, 0.000, 0.000, 0.000, 0.000
25.534, 0.000, 0.000, 0.000, 0.000, 0.000, 0.000, 0.000, 0.000, 0.000, 0.000, 0.000, 0.000, 0.000, 0.000
25.585, 0.000, 0.000, 0.000, 0.000, 0.000, 0.000, 0.000, 0.000, 0.000, 0.000, 0.000, 0.000, 0.000, 0.000
25.635, 0.000, 0.000, 0.000, 0.000, 0.000, 0.000, 0.000, 0.000, 0.000, 0.000, 0.000, 0.000, 0.000, 0.000
25.686, 0.000, 0.000, 0.000, 0.000, 0.000, 0.000, 0.000, 0.000, 0.000, 0.000, 0.000, 0.000, 0.000, 0.000
25.736, 0.000, 0.000, 0.000, 0.000, 0.000, 0.000, 0.000, 0.000, 0.000, 0.000, 0.000, 0.000, 0.000, 0.000
25.786, 0.000, 0.000, 0.000, 0.000, 0.000, 0.000, 0.000, 0.000, 0.000, 0.000, 0.000, 0.000, 0.000, 0.000
25.837, 0.000, 0.000, 0.000, 0.000, 0.000, 0.000, 0.000, 0.000, 0.000, 0.000, 0.000, 0.000, 0.000, 0.000
25.887, 0.000, 0.000, 0.000, 0.000, 0.000, 0.000, 0.000, 0.000, 0.000, 0.000, 0.000, 0.000, 0.000, 0.000
25.938, 0.000, 0.000, 0.000, 0.000, 0.000, 0.000, 0.000, 0.000, 0.000, 0.000, 0.000, 0.000, 0.000, 0.000
25.988, 0.000, 0.000, 0.000, 0.000, 0.000, 0.000, 0.000, 0.000, 0.000, 0.000, 0.000, 0.060, 0.000, 0.000
26.039, 0.000, 0.000, 0.000, 0.000, 0.000, 0.087, 0.000, 0.000, 0.000, 0.000, 0.000, 0.130, 0.000, 0.000
26.089, 0.000, 0.000, 0.000, 0.000, 0.100, 0.165, 0.000, 0.000, 0.000, 0.000, 0.000, 0.215, 0.000, 0.091
26.145, 0.000, 0.000, 0.000, 0.000, 0.114, 0.187, 0.000, 0.000, 0.000, 0.000, 0.000, 0.244, 0.054, 0.121
26.195, 0.000, 0.000, 0.000, 0.000, 0.132, 0.214, 0.000, 0.000, 0.000, 0.000, 0.000, 0.296, 0.059, 0.154
26.246, 0.000, 0.000, 0.000, 0.000, 0.135, 0.221, 0.000, 0.000, 0.000, 0.000, 0.000, 0.331, 0.070, 0.170
26.297, 0.000, 0.000, 0.000, 0.000, 0.149, 0.237, 0.000, 0.000, 0.000, 0.000, 0.000, 0.375, 0.079, 0.199
26.348, 0.000, 0.000, 0.000, 0.000, 0.149, 0.247, 0.000, 0.000, 0.000, 0.000, 0.000, 0.382, 0.086, 0.205
26.399, 0.000, 0.000, 0.000, 0.000, 0.156, 0.253, 0.000, 0.000, 0.000, 0.000, 0.000, 0.389, 0.084, 0.207
26.450, 0.000, 0.000, 0.000, 0.000, 0.160, 0.255, 0.000, 0.000, 0.000, 0.000, 0.000, 0.391, 0.086, 0.209
26.500, 0.000, 0.000, 0.000, 0.000, 0.162, 0.258, 0.000, 0.000, 0.000, 0.000, 0.000, 0.396, 0.086, 0.212
26.551, 0.000, 0.000, 0.000, 0.000, 0.164, 0.260, 0.000, 0.000, 0.000, 0.000, 0.000, 0.397, 0.089, 0.214
26.602, 0.000, 0.000, 0.000, 0.000, 0.163, 0.261, 0.000, 0.000, 0.000, 0.000, 0.000, 0.398, 0.088, 0.214
26.653, 0.000, 0.000, 0.000, 0.000, 0.164, 0.262, 0.000, 0.000, 0.000, 0.000, 0.000, 0.401, 0.089, 0.215
26.703, 0.000, 0.000, 0.000, 0.000, 0.168, 0.264, 0.000, 0.000, 0.000, 0.000, 0.000, 0.404, 0.089, 0.217
26.754, 0.000, 0.000, 0.000, 0.000, 0.171, 0.265, 0.000, 0.000, 0.000, 0.000, 0.000, 0.404, 0.090, 0.219
26.805, 0.000, 0.000, 0.000, 0.000, 0.173, 0.266, 0.000, 0.000, 0.000, 0.000, 0.000, 0.407, 0.090, 0.222
26.856, 0.000, 0.000, 0.000, 0.000, 0.172, 0.267, 0.000, 0.000, 0.000, 0.000, 0.000, 0.413, 0.091, 0.224
26.906, 0.000, 0.000, 0.000, 0.000, 0.173, 0.268, 0.000, 0.000, 0.000, 0.000, 0.000, 0.413, 0.092, 0.225
26.957, 0.000, 0.000, 0.000, 0.000, 0.174, 0.269, 0.000, 0.000, 0.000, 0.000, 0.000, 0.414, 0.092, 0.227
27.007, 0.000, 0.000, 0.000, 0.000, 0.174, 0.269, 0.000, 0.000, 0.000, 0.000, 0.000, 0.415, 0.094, 0.229
27.058, 0.000, 0.000, 0.000, 0.000, 0.171, 0.263, 0.000, 0.000, 0.000, 0.000, 0.000, 0.376, 0.083, 0.204
27.108, 0.000, 0.000, 0.000, 0.000, 0.171, 0.263, 0.000, 0.000, 0.000, 0.000, 0.000, 0.376, 0.083, 0.204
27.159, 0.000, 0.000, 0.000, 0.000, 0.000, 0.000, 0.000, 0.000, 0.000, 0.000, 0.000, 0.000, 0.000, 0.000
27.210, 0.000, 0.000, 0.000, 0.000, 0.000, 0.000, 0.000, 0.000, 0.000, 0.000, 0.000, 0.000, 0.000, 0.000
27.260, 0.000, 0.000, 0.000, 0.000, 0.000, 0.000, 0.000, 0.000, 0.000, 0.000, 0.000, 0.000, 0.000, 0.000
27.310, 0.000, 0.000, 0.000, 0.000, 0.000, 0.000, 0.000, 0.000, 0.000, 0.000, 0.000, 0.000, 0.000, 0.000
27.360, 0.000, 0.000, 0.000, 0.000, 0.000, 0.000, 0.000, 0.000, 0.000, 0.000, 0.000, 0.000, 0.000, 0.000
27.411, 0.000, 0.000, 0.000, 0.000, 0.000, 0.000, 0.000, 0.000, 0.000, 0.000, 0.000, 0.000, 0.000, 0.000
27.462, 0.000, 0.000, 0.000, 0.000, 0.000, 0.000, 0.000, 0.000, 0.000, 0.000, 0.000, 0.000, 0.000, 0.000
27.512, 0.000, 0.000, 0.000, 0.000, 0.000, 0.000, 0.000, 0.000, 0.000, 0.000, 0.000, 0.000, 0.000, 0.000
27.562, 0.000, 0.000, 0.000, 0.000, 0.000, 0.000, 0.000, 0.000, 0.000, 0.000, 0.000, 0.000, 0.000, 0.000
27.613, 0.000, 0.000, 0.000, 0.000, 0.000, 0.000, 0.000, 0.000, 0.000, 0.000, 0.000, 0.000, 0.000, 0.000
27.663, 0.000, 0.000, 0.000, 0.000, 0.000, 0.000, 0.000, 0.000, 0.000, 0.000, 0.000, 0.000, 0.000, 0.000
27.714, 0.000, 0.000, 0.000, 0.000, 0.000, 0.000, 0.000, 0.000, 0.000, 0.000, 0.000, 0.000, 0.000, 0.000
27.765, 0.000, 0.000, 0.000, 0.000, 0.000, 0.000, 0.000, 0.000, 0.000, 0.000, 0.000, 0.000, 0.000, 0.000
27.816, 0.000, 0.000, 0.000, 0.000, 0.000, 0.000, 0.000, 0.000, 0.000, 0.000, 0.000, 0.000, 0.000, 0.000
27.866, 0.000, 0.000, 0.000, 0.000, 0.000, 0.000, 0.000, 0.000, 0.000, 0.000, 0.000, 0.000, 0.000, 0.000
27.916, 0.000, 0.000, 0.000, 0.000, 0.000, 0.000, 0.000, 0.000, 0.000, 0.000, 0.000, 0.000, 0.000, 0.000
27.966, 0.000, 0.000, 0.000, 0.000, 0.000, 0.000, 0.000, 0.000, 0.000, 0.000, 0.000, 0.000, 0.000, 0.000
28.017, 0.000, 0.000, 0.000, 0.000, 0.000, 0.000, 0.000, 0.000, 0.000, 0.000, 0.000, 0.000, 0.000, 0.000
28.068, 0.000, 0.000, 0.000, 0.000, 0.000, 0.000, 0.000, 0.000, 0.000, 0.000, 0.000, 0.000, 0.000, 0.000
28.118, 0.000, 0.000, 0.000, 0.000, 0.000, 0.000, 0.000, 0.000, 0.000, 0.000, 0.000, 0.000, 0.000, 0.000
28.169, 0.000, 0.000, 0.000, 0.000, 0.000, 0.000, 0.000, 0.000, 0.000, 0.000, 0.000, 0.000, 0.000, 0.000
28.223, 0.000, 0.000, 0.000, 0.000, 0.000, 0.000, 0.000, 0.000, 0.000, 0.000, 0.000, 0.000, 0.000, 0.000
28.273, 0.000, 0.000, 0.000, 0.000, 0.000, 0.000, 0.000, 0.000, 0.000, 0.000, 0.000, 0.000, 0.000, 0.000
28.324, 0.000, 0.000, 0.000, 0.000, 0.000, 0.000, 0.000, 0.000, 0.000, 0.000, 0.000, 0.000, 0.000, 0.000
28.374, 0.000, 0.000, 0.000, 0.000, 0.000, 0.000, 0.000, 0.000, 0.000, 0.000, 0.000, 0.000, 0.000, 0.000
28.425, 0.000, 0.000, 0.000, 0.000, 0.000, 0.000, 0.000, 0.000, 0.000, 0.000, 0.000, 0.000, 0.000, 0.000
28.476, 0.000, 0.000, 0.000, 0.000, 0.000, 0.000, 0.000, 0.000, 0.000, 0.000, 0.000, 0.000, 0.000, 0.000
28.526, 0.000, 0.000, 0.000, 0.000, 0.000, 0.000, 0.000, 0.000, 0.000, 0.000, 0.000, 0.000, 0.000, 0.000
28.577, 0.000, 0.000, 0.000, 0.000, 0.000, 0.000, 0.000, 0.000, 0.000, 0.000, 0.000, 0.000, 0.000, 0.000
28.628, 0.000, 0.000, 0.000, 0.000, 0.000, 0.000, 0.000, 0.000, 0.000, 0.000, 0.000, 0.000, 0.000, 0.000
28.678, 0.000, 0.000, 0.000, 0.000, 0.000, 0.000, 0.000, 0.000, 0.000, 0.000, 0.000, 0.000, 0.000, 0.000
28.729, 0.000, 0.000, 0.000, 0.000, 0.000, 0.000, 0.000, 0.000, 0.000, 0.000, 0.000, 0.000, 0.000, 0.000
28.780, 0.000, 0.000, 0.000, 0.000, 0.000, 0.000, 0.000, 0.000, 0.000, 0.000, 0.000, 0.000, 0.000, 0.000
28.830, 0.000, 0.000, 0.000, 0.000, 0.000, 0.000, 0.000, 0.000, 0.000, 0.000, 0.000, 0.000, 0.000, 0.000
28.881, 0.000, 0.000, 0.000, 0.000, 0.000, 0.000, 0.000, 0.000, 0.000, 0.000, 0.000, 0.000, 0.000, 0.000
28.931, 0.000, 0.000, 0.000, 0.000, 0.000, 0.000, 0.000, 0.000, 0.000, 0.000, 0.000, 0.000, 0.000, 0.000
28.982, 0.000, 0.000, 0.000, 0.000, 0.000, 0.000, 0.000, 0.000, 0.000, 0.000, 0.000, 0.000, 0.000, 0.000
29.032, 0.000, 0.000, 0.000, 0.000, 0.000, 0.000, 0.000, 0.000, 0.000, 0.000, 0.000, 0.000, 0.000, 0.000
29.082, 0.000, 0.000, 0.000, 0.000, 0.000, 0.000, 0.000, 0.000, 0.000, 0.000, 0.000, 0.000, 0.000, 0.000
29.133, 0.000, 0.000, 0.000, 0.000, 0.000, 0.000, 0.000, 0.000, 0.000, 0.000, 0.000, 0.149, 0.000, 0.000
29.184, 0.000, 0.000, 0.000, 0.000, 0.000, 0.064, 0.000, 0.000, 0.000, 0.081, 0.000, 0.204, 0.000, 0.000
29.235, 0.000, 0.000, 0.000, 0.000, 0.000, 0.120, 0.000, 0.000, 0.000, 0.248, 0.071, 0.320, 0.000, 0.000
29.286, 0.000, 0.000, 0.000, 0.000, 0.054, 0.132, 0.000, 0.000, 0.000, 0.283, 0.081, 0.360, 0.000, 0.000
29.336, 0.000, 0.000, 0.000, 0.000, 0.058, 0.137, 0.000, 0.000, 0.000, 0.301, 0.087, 0.382, 0.000, 0.000
29.387, 0.000, 0.000, 0.000, 0.000, 0.062, 0.138, 0.000, 0.000, 0.000, 0.303, 0.095, 0.376, 0.000, 0.000
29.438, 0.000, 0.000, 0.000, 0.000, 0.062, 0.127, 0.000, 0.000, 0.000, 0.266, 0.085, 0.335, 0.000, 0.000
29.488, 0.000, 0.000, 0.000, 0.000, 0.000, 0.121, 0.000, 0.000, 0.000, 0.240, 0.080, 0.300, 0.000, 0.000
29.540, 0.000, 0.000, 0.000, 0.000, 0.000, 0.115, 0.000, 0.000, 0.000, 0.220, 0.076, 0.283, 0.000, 0.000
29.590, 0.000, 0.000, 0.000, 0.000, 0.000, 0.097, 0.000, 0.000, 0.000, 0.170, 0.067, 0.259, 0.000, 0.000
29.641, 0.000, 0.000, 0.000, 0.000, 0.000, 0.126, 0.000, 0.000, 0.000, 0.237, 0.089, 0.300, 0.000, 0.000
29.692, 0.000, 0.000, 0.000, 0.000, 0.000, 0.138, 0.000, 0.000, 0.000, 0.286, 0.094, 0.349, 0.000, 0.000
29.742, 0.000, 0.000, 0.000, 0.000, 0.000, 0.143, 0.000, 0.000, 0.000, 0.306, 0.090, 0.367, 0.000, 0.000
29.792, 0.000, 0.000, 0.000, 0.000, 0.000, 0.163, 0.000, 0.000, 0.000, 0.359, 0.122, 0.400, 0.000, 0.000
29.843, 0.000, 0.000, 0.000, 0.000, 0.000, 0.171, 0.000, 0.000, 0.000, 0.378, 0.128, 0.412, 0.000, 0.000
29.893, 0.000, 0.000, 0.000, 0.000, 0.000, 0.173, 0.000, 0.000, 0.000, 0.395, 0.132, 0.428, 0.000, 0.000
29.943, 0.000, 0.000, 0.000, 0.000, 0.000, 0.174, 0.000, 0.000, 0.000, 0.398, 0.135, 0.435, 0.000, 0.000
29.994, 0.000, 0.000, 0.000, 0.000, 0.000, 0.177, 0.000, 0.000, 0.000, 0.408, 0.138, 0.434, 0.000, 0.000
30.045, 0.000, 0.000, 0.000, 0.000, 0.000, 0.178, 0.000, 0.000, 0.000, 0.406, 0.141, 0.440, 0.000, 0.000
30.095, 0.000, 0.000, 0.000, 0.000, 0.000, 0.178, 0.000, 0.000, 0.000, 0.409, 0.142, 0.445, 0.000, 0.000
30.145, 0.000, 0.000, 0.000, 0.000, 0.000, 0.182, 0.000, 0.000, 0.000, 0.412, 0.142, 0.447, 0.000, 0.000
30.198, 0.000, 0.000, 0.000, 0.000, 0.000, 0.181, 0.000, 0.000, 0.000, 0.416, 0.144, 0.445, 0.000, 0.000
30.249, 0.000, 0.000, 0.000, 0.000, 0.000, 0.184, 0.000, 0.000, 0.000, 0.416, 0.145, 0.448, 0.000, 0.000
30.300, 0.000, 0.000, 0.000, 0.000, 0.000, 0.184, 0.000, 0.000, 0.000, 0.421, 0.146, 0.450, 0.000, 0.000
30.350, 0.000, 0.000, 0.000, 0.000, 0.000, 0.185, 0.000, 0.000, 0.000, 0.422, 0.149, 0.455, 0.000, 0.000
30.401, 0.000, 0.000, 0.000, 0.000, 0.000, 0.185, 0.000, 0.000, 0.000, 0.422, 0.150, 0.457, 0.000, 0.000
30.451, 0.000, 0.000, 0.000, 0.000, 0.000, 0.185, 0.000, 0.000, 0.000, 0.429, 0.151, 0.460, 0.000, 0.000
30.501, 0.000, 0.000, 0.000, 0.000, 0.000, 0.186, 0.000, 0.000, 0.000, 0.428, 0.152, 0.463, 0.000, 0.000
30.552, 0.000, 0.000, 0.000, 0.000, 0.000, 0.180, 0.000, 0.000, 0.000, 0.401, 0.119, 0.420, 0.000, 0.000
30.602, 0.000, 0.000, 0.000, 0.000, 0.000, 0.180, 0.000, 0.000, 0.000, 0.401, 0.119, 0.420, 0.000, 0.000
30.653, 0.000, 0.000, 0.000, 0.000, 0.000, 0.000, 0.000, 0.000, 0.000, 0.000, 0.000, 0.000, 0.000, 0.000
30.704, 0.000, 0.000, 0.000, 0.000, 0.000, 0.000, 0.000, 0.000, 0.000, 0.000, 0.000, 0.000, 0.000, 0.000
30.754, 0.000, 0.000, 0.000, 0.000, 0.000, 0.000, 0.000, 0.000, 0.000, 0.000, 0.000, 0.000, 0.000, 0.000
30.804, 0.000, 0.000, 0.000, 0.000, 0.000, 0.000, 0.000, 0.000, 0.000, 0.000, 0.000, 0.000, 0.000, 0.000
30.857, 0.000, 0.000, 0.000, 0.000, 0.000, 0.000, 0.000, 0.000, 0.000, 0.000, 0.000, 0.000, 0.000, 0.000
30.908, 0.000, 0.000, 0.000, 0.000, 0.000, 0.000, 0.000, 0.000, 0.000, 0.000, 0.000, 0.000, 0.000, 0.000
30.958, 0.000, 0.000, 0.000, 0.000, 0.000, 0.000, 0.000, 0.000, 0.000, 0.000, 0.000, 0.000, 0.000, 0.000
31.008, 0.000, 0.000, 0.000, 0.000, 0.000, 0.000, 0.000, 0.000, 0.000, 0.000, 0.000, 0.000, 0.000, 0.000
31.059, 0.000, 0.000, 0.000, 0.000, 0.000, 0.000, 0.000, 0.000, 0.000, 0.000, 0.000, 0.000, 0.000, 0.000
31.110, 0.000, 0.000, 0.000, 0.000, 0.000, 0.000, 0.000, 0.000, 0.000, 0.000, 0.000, 0.000, 0.000, 0.000
31.161, 0.000, 0.000, 0.000, 0.000, 0.000, 0.000, 0.000, 0.000, 0.000, 0.000, 0.000, 0.000, 0.000, 0.000
31.211, 0.000, 0.000, 0.000, 0.000, 0.000, 0.000, 0.000, 0.000, 0.000, 0.000, 0.000, 0.000, 0.000, 0.000
31.261, 0.000, 0.000, 0.000, 0.000, 0.000, 0.000, 0.000, 0.000, 0.000, 0.000, 0.000, 0.000, 0.000, 0.000
31.312, 0.000, 0.000, 0.000, 0.000, 0.000, 0.000, 0.000, 0.000, 0.000, 0.000, 0.000, 0.000, 0.000, 0.000
31.363, 0.000, 0.000, 0.000, 0.000, 0.000, 0.000, 0.000, 0.000, 0.000, 0.000, 0.000, 0.000, 0.000, 0.000
31.413, 0.000, 0.000, 0.000, 0.000, 0.000, 0.000, 0.000, 0.000, 0.000, 0.000, 0.000, 0.000, 0.000, 0.000
31.464, 0.000, 0.000, 0.000, 0.000, 0.000, 0.000, 0.000, 0.000, 0.000, 0.000, 0.000, 0.000, 0.000, 0.000
31.519, 0.000, 0.000, 0.000, 0.000, 0.000, 0.000, 0.000, 0.000, 0.000, 0.000, 0.000, 0.000, 0.000, 0.000
31.570, 0.000, 0.000, 0.000, 0.000, 0.000, 0.000, 0.000, 0.000, 0.000, 0.000, 0.000, 0.000, 0.000, 0.000
31.620, 0.000, 0.000, 0.000, 0.000, 0.000, 0.000, 0.000, 0.000, 0.000, 0.000, 0.000, 0.000, 0.000, 0.000
31.671, 0.000, 0.000, 0.000, 0.000, 0.000, 0.000, 0.000, 0.000, 0.000, 0.000, 0.000, 0.000, 0.000, 0.000
31.721, 0.000, 0.000, 0.000, 0.000, 0.000, 0.000, 0.000, 0.000, 0.000, 0.000, 0.000, 0.000, 0.000, 0.000
31.772, 0.000, 0.000, 0.000, 0.000, 0.000, 0.000, 0.000, 0.000, 0.000, 0.000, 0.000, 0.000, 0.000, 0.000
31.823, 0.000, 0.000, 0.000, 0.000, 0.000, 0.000, 0.000, 0.000, 0.000, 0.000, 0.000, 0.000, 0.000, 0.000
31.874, 0.000, 0.000, 0.000, 0.000, 0.000, 0.000, 0.000, 0.000, 0.000, 0.000, 0.000, 0.000, 0.000, 0.000
31.924, 0.000, 0.000, 0.000, 0.000, 0.000, 0.000, 0.000, 0.000, 0.000, 0.000, 0.000, 0.000, 0.000, 0.000
31.974, 0.000, 0.000, 0.000, 0.000, 0.000, 0.000, 0.000, 0.000, 0.000, 0.000, 0.000, 0.000, 0.000, 0.000
32.025, 0.000, 0.000, 0.000, 0.000, 0.000, 0.000, 0.000, 0.000, 0.000, 0.000, 0.000, 0.000, 0.000, 0.000
32.075, 0.000, 0.000, 0.000, 0.000, 0.000, 0.000, 0.000, 0.000, 0.000, 0.000, 0.000, 0.000, 0.000, 0.000
32.126, 0.000, 0.000, 0.000, 0.000, 0.000, 0.000, 0.000, 0.000, 0.000, 0.000, 0.000, 0.000, 0.000, 0.000
32.182, 0.000, 0.000, 0.000, 0.000, 0.000, 0.000, 0.000, 0.000, 0.000, 0.000, 0.000, 0.000, 0.000, 0.000
32.233, 0.000, 0.000, 0.000, 0.000, 0.000, 0.000, 0.000, 0.000, 0.000, 0.000, 0.000, 0.000, 0.000, 0.000
32.284, 0.000, 0.000, 0.000, 0.000, 0.000, 0.000, 0.000, 0.000, 0.000, 0.000, 0.000, 0.000, 0.000, 0.000
32.334, 0.000, 0.000, 0.000, 0.000, 0.000, 0.000, 0.000, 0.000, 0.000, 0.000, 0.000, 0.000, 0.000, 0.000
32.385, 0.000, 0.000, 0.000, 0.000, 0.000, 0.000, 0.000, 0.000, 0.000, 0.000, 0.000, 0.000, 0.000, 0.000
32.435, 0.000, 0.000, 0.000, 0.000, 0.000, 0.000, 0.000, 0.000, 0.000, 0.000, 0.000, 0.000, 0.000, 0.000
32.486, 0.000, 0.000, 0.000, 0.000, 0.000, 0.000, 0.000, 0.000, 0.000, 0.000, 0.000, 0.000, 0.000, 0.000
32.536, 0.000, 0.000, 0.000, 0.000, 0.000, 0.000, 0.000, 0.000, 0.000, 0.000, 0.000, 0.000, 0.000, 0.000
32.586, 0.000, 0.000, 0.000, 0.000, 0.000, 0.000, 0.000, 0.000, 0.000, 0.378, 0.067, 0.083, 0.000, 0.000
32.637, 0.000, 0.000, 0.276, 0.066, 0.000, 0.000, 0.000, 0.000, 0.000, 0.580, 0.151, 0.127, 0.000, 0.000
32.687, 0.000, 0.000, 0.231, 0.062, 0.000, 0.000, 0.000, 0.000, 0.000, 0.564, 0.151, 0.127, 0.000, 0.000
32.738, 0.000, 0.000, 0.074, 0.068, 0.000, 0.000, 0.000, 0.000, 0.000, 0.500, 0.134, 0.115, 0.000, 0.000
32.789, 0.000, 0.000, 0.000, 0.068, 0.000, 0.000, 0.000, 0.000, 0.000, 0.434, 0.105, 0.109, 0.000, 0.000
32.840, 0.000, 0.000, 0.000, 0.064, 0.000, 0.000, 0.000, 0.000, 0.000, 0.405, 0.089, 0.100, 0.000, 0.000
32.891, 0.000, 0.000, 0.000, 0.062, 0.000, 0.000, 0.000, 0.000, 0.000, 0.392, 0.099, 0.096, 0.000, 0.000
32.941, 0.000, 0.000, 0.000, 0.062, 0.000, 0.000, 0.000, 0.000, 0.000, 0.490, 0.125, 0.114, 0.000, 0.000
32.991, 0.000, 0.000, 0.000, 0.067, 0.000, 0.000, 0.000, 0.000, 0.000, 0.533, 0.133, 0.118, 0.000, 0.000
33.042, 0.000, 0.000, 0.255, 0.074, 0.000, 0.000, 0.000, 0.000, 0.000, 0.614, 0.177, 0.131, 0.000, 0.000
33.092, 0.000, 0.000, 0.274, 0.080, 0.000, 0.000, 0.000, 0.000, 0.000, 0.680, 0.159, 0.146, 0.000, 0.000
33.143, 0.000, 0.000, 0.340, 0.094, 0.000, 0.000, 0.000, 0.000, 0.000, 0.741, 0.177, 0.157, 0.000, 0.000
33.194, 0.000, 0.000, 0.374, 0.107, 0.000, 0.000, 0.000, 0.000, 0.000, 0.794, 0.195, 0.180, 0.000, 0.000
33.244, 0.000, 0.000, 0.404, 0.113, 0.000, 0.000, 0.000, 0.000, 0.000, 0.844, 0.227, 0.192, 0.000, 0.000
33.295, 0.000, 0.000, 0.413, 0.113, 0.000, 0.000, 0.000, 0.000, 0.000, 0.877, 0.241, 0.195, 0.000, 0.000
33.346, 0.000, 0.000, 0.418, 0.114, 0.000, 0.000, 0.000, 0.000, 0.000, 0.878, 0.251, 0.196, 0.000, 0.000
33.399, 0.000, 0.000, 0.416, 0.118, 0.000, 0.000, 0.000, 0.000, 0.000, 0.897, 0.247, 0.198, 0.000, 0.000
33.449, 0.000, 0.000, 0.417, 0.117, 0.000, 0.000, 0.000, 0.000, 0.000, 0.918, 0.255, 0.198, 0.000, 0.000
33.500, 0.000, 0.000, 0.416, 0.117, 0.000, 0.000, 0.000, 0.000, 0.000, 0.917, 0.257, 0.199, 0.000, 0.000
33.551, 0.000, 0.000, 0.424, 0.118, 0.000, 0.000, 0.000, 0.000, 0.000, 0.926, 0.257, 0.198, 0.000, 0.000
33.602, 0.000, 0.000, 0.433, 0.119, 0.000, 0.000, 0.000, 0.000, 0.000, 0.929, 0.261, 0.200, 0.000, 0.000
33.652, 0.000, 0.000, 0.435, 0.120, 0.000, 0.000, 0.000, 0.000, 0.000, 0.930, 0.263, 0.202, 0.000, 0.000
33.702, 0.000, 0.000, 0.442, 0.121, 0.000, 0.000, 0.000, 0.000, 0.000, 0.936, 0.264, 0.205, 0.000, 0.000
33.753, 0.000, 0.000, 0.447, 0.123, 0.000, 0.000, 0.000, 0.000, 0.000, 0.939, 0.268, 0.206, 0.000, 0.000
33.804, 0.000, 0.000, 0.441, 0.121, 0.000, 0.000, 0.000, 0.000, 0.000, 0.909, 0.249, 0.197, 0.000, 0.000
33.854, 0.000, 0.000, 0.441, 0.121, 0.000, 0.000, 0.000, 0.000, 0.000, 0.909, 0.249, 0.197, 0.000, 0.000
33.904, 0.000, 0.000, 0.441, 0.121, 0.000, 0.000, 0.000, 0.000, 0.000, 0.909, 0.249, 0.197, 0.000, 0.000
33.957, 0.000, 0.000, 0.000, 0.000, 0.000, 0.000, 0.000, 0.000, 0.000, 0.000, 0.000, 0.000, 0.000, 0.000
34.007, 0.000, 0.000, 0.000, 0.000, 0.000, 0.000, 0.000, 0.000, 0.000, 0.000, 0.000, 0.000, 0.000, 0.000
34.058, 0.000, 0.000, 0.000, 0.000, 0.000, 0.000, 0.000, 0.000, 0.000, 0.000, 0.000, 0.000, 0.000, 0.000
34.109, 0.000, 0.000, 0.000, 0.000, 0.000, 0.000, 0.000, 0.000, 0.000, 0.000, 0.000, 0.000, 0.000, 0.000
34.159, 0.000, 0.000, 0.000, 0.000, 0.000, 0.000, 0.000, 0.000, 0.000, 0.000, 0.000, 0.000, 0.000, 0.000
34.210, 0.000, 0.000, 0.000, 0.000, 0.000, 0.000, 0.000, 0.000, 0.000, 0.000, 0.000, 0.000, 0.000, 0.000
34.261, 0.000, 0.000, 0.000, 0.000, 0.000, 0.000, 0.000, 0.000, 0.000, 0.000, 0.000, 0.000, 0.000, 0.000
34.312, 0.000, 0.000, 0.000, 0.000, 0.000, 0.000, 0.000, 0.000, 0.000, 0.000, 0.000, 0.000, 0.000, 0.000
34.363, 0.000, 0.000, 0.000, 0.000, 0.000, 0.000, 0.000, 0.000, 0.000, 0.000, 0.000, 0.000, 0.000, 0.000
34.413, 0.000, 0.000, 0.000, 0.000, 0.000, 0.000, 0.000, 0.000, 0.000, 0.000, 0.000, 0.000, 0.000, 0.000
34.463, 0.000, 0.000, 0.000, 0.000, 0.000, 0.000, 0.000, 0.000, 0.000, 0.000, 0.000, 0.000, 0.000, 0.000
34.514, 0.000, 0.000, 0.000, 0.000, 0.000, 0.000, 0.000, 0.000, 0.000, 0.000, 0.000, 0.000, 0.000, 0.000
34.564, 0.000, 0.000, 0.000, 0.000, 0.000, 0.000, 0.000, 0.000, 0.000, 0.000, 0.000, 0.000, 0.000, 0.000
34.619, 0.000, 0.000, 0.000, 0.000, 0.000, 0.000, 0.000, 0.000, 0.000, 0.000, 0.000, 0.000, 0.000, 0.000
34.669, 0.000, 0.000, 0.000, 0.000, 0.000, 0.000, 0.000, 0.000, 0.000, 0.000, 0.000, 0.000, 0.000, 0.000
34.719, 0.000, 0.000, 0.000, 0.000, 0.000, 0.000, 0.000, 0.000, 0.000, 0.000, 0.000, 0.000, 0.000, 0.000
34.769, 0.000, 0.000, 0.000, 0.000, 0.000, 0.000, 0.000, 0.000, 0.000, 0.000, 0.000, 0.000, 0.000, 0.000
34.820, 0.000, 0.000, 0.000, 0.000, 0.000, 0.000, 0.000, 0.000, 0.000, 0.000, 0.000, 0.000, 0.000, 0.000
34.870, 0.000, 0.000, 0.000, 0.000, 0.000, 0.000, 0.000, 0.000, 0.000, 0.000, 0.000, 0.000, 0.000, 0.000
34.920, 0.000, 0.000, 0.000, 0.000, 0.000, 0.000, 0.000, 0.000, 0.000, 0.000, 0.000, 0.000, 0.000, 0.000
34.971, 0.000, 0.000, 0.000, 0.000, 0.000, 0.000, 0.000, 0.000, 0.000, 0.000, 0.000, 0.000, 0.000, 0.000
35.022, 0.000, 0.000, 0.000, 0.000, 0.000, 0.000, 0.000, 0.000, 0.000, 0.000, 0.000, 0.000, 0.000, 0.000
35.072, 0.000, 0.000, 0.000, 0.000, 0.000, 0.000, 0.000, 0.000, 0.000, 0.000, 0.000, 0.000, 0.000, 0.000
35.123, 0.000, 0.000, 0.000, 0.000, 0.000, 0.000, 0.000, 0.000, 0.000, 0.000, 0.000, 0.000, 0.000, 0.000
35.176, 0.000, 0.000, 0.000, 0.000, 0.000, 0.000, 0.000, 0.000, 0.000, 0.000, 0.000, 0.000, 0.000, 0.000
35.227, 0.000, 0.000, 0.000, 0.000, 0.000, 0.000, 0.000, 0.000, 0.000, 0.000, 0.000, 0.000, 0.000, 0.000
35.277, 0.000, 0.000, 0.000, 0.000, 0.000, 0.000, 0.000, 0.000, 0.000, 0.000, 0.000, 0.000, 0.000, 0.000
35.328, 0.000, 0.000, 0.000, 0.000, 0.000, 0.000, 0.000, 0.000, 0.000, 0.000, 0.000, 0.000, 0.000, 0.000
35.378, 0.000, 0.000, 0.000, 0.000, 0.000, 0.000, 0.000, 0.000, 0.000, 0.000, 0.000, 0.000, 0.000, 0.000
35.429, 0.000, 0.000, 0.000, 0.000, 0.000, 0.000, 0.000, 0.000, 0.000, 0.000, 0.000, 0.000, 0.000, 0.000
35.480, 0.000, 0.000, 0.000, 0.000, 0.000, 0.000, 0.000, 0.000, 0.000, 0.000, 0.000, 0.000, 0.000, 0.000
35.530, 0.000, 0.000, 0.000, 0.000, 0.000, 0.000, 0.000, 0.000, 0.000, 0.000, 0.000, 0.000, 0.000, 0.000
35.580, 0.000, 0.000, 0.000, 0.000, 0.000, 0.000, 0.000, 0.000, 0.000, 0.000, 0.000, 0.000, 0.000, 0.000
35.631, 0.000, 0.000, 0.000, 0.000, 0.000, 0.000, 0.000, 0.000, 0.000, 0.000, 0.000, 0.000, 0.000, 0.166
35.681, 0.000, 0.000, 0.000, 0.000, 0.000, 0.000, 0.085, 0.000, 0.000, 0.000, 0.000, 0.000, 0.000, 0.288
35.732, 0.000, 0.000, 0.000, 0.000, 0.000, 0.000, 0.101, 0.000, 0.000, 0.000, 0.000, 0.000, 0.000, 0.324
35.782, 0.000, 0.000, 0.000, 0.000, 0.000, 0.000, 0.107, 0.000, 0.000, 0.000, 0.000, 0.000, 0.000, 0.339
35.833, 0.000, 0.000, 0.000, 0.000, 0.000, 0.000, 0.110, 0.000, 0.000, 0.000, 0.000, 0.000, 0.000, 0.344
35.884, 0.000, 0.000, 0.000, 0.000, 0.000, 0.000, 0.112, 0.000, 0.000, 0.000, 0.000, 0.000, 0.000, 0.346
35.935, 0.000, 0.000, 0.000, 0.000, 0.000, 0.000, 0.113, 0.000, 0.000, 0.000, 0.000, 0.000, 0.000, 0.350
35.985, 0.000, 0.000, 0.000, 0.000, 0.000, 0.000, 0.114, 0.000, 0.000, 0.000, 0.000, 0.000, 0.000, 0.354
36.036, 0.000, 0.000, 0.000, 0.000, 0.000, 0.000, 0.116, 0.000, 0.000, 0.000, 0.000, 0.000, 0.000, 0.360
36.086, 0.000, 0.000, 0.000, 0.000, 0.000, 0.000, 0.118, 0.000, 0.000, 0.000, 0.000, 0.000, 0.000, 0.362
36.137, 0.000, 0.000, 0.000, 0.000, 0.000, 0.000, 0.117, 0.000, 0.000, 0.000, 0.000, 0.000, 0.000, 0.366
36.187, 0.000, 0.000, 0.000, 0.000, 0.000, 0.000, 0.118, 0.000, 0.000, 0.000, 0.000, 0.000, 0.000, 0.367
36.237, 0.000, 0.000, 0.000, 0.000, 0.000, 0.000, 0.119, 0.000, 0.000, 0.000, 0.000, 0.000, 0.000, 0.371
36.290, 0.000, 0.000, 0.000, 0.000, 0.000, 0.000, 0.118, 0.000, 0.000, 0.000, 0.000, 0.000, 0.000, 0.375
36.340, 0.000, 0.000, 0.000, 0.000, 0.000, 0.000, 0.120, 0.000, 0.000, 0.000, 0.000, 0.000, 0.000, 0.376
36.390, 0.000, 0.000, 0.000, 0.000, 0.000, 0.000, 0.121, 0.000, 0.000, 0.000, 0.000, 0.000, 0.000, 0.382
36.441, 0.000, 0.000, 0.000, 0.000, 0.000, 0.000, 0.121, 0.000, 0.000, 0.000, 0.000, 0.000, 0.000, 0.383
36.492, 0.000, 0.000, 0.000, 0.000, 0.000, 0.000, 0.121, 0.000, 0.000, 0.000, 0.000, 0.000, 0.000, 0.385
36.542, 0.000, 0.000, 0.000, 0.000, 0.000, 0.000, 0.122, 0.000, 0.000, 0.000, 0.000, 0.000, 0.000, 0.388
36.593, 0.000, 0.000, 0.000, 0.000, 0.000, 0.000, 0.122, 0.000, 0.000, 0.000, 0.000, 0.000, 0.000, 0.388
36.644, 0.000, 0.000, 0.000, 0.000, 0.000, 0.000, 0.123, 0.000, 0.000, 0.000, 0.000, 0.000, 0.000, 0.390
36.694, 0.000, 0.000, 0.000, 0.000, 0.000, 0.000, 0.124, 0.000, 0.000, 0.000, 0.000, 0.000, 0.000, 0.393
36.745, 0.000, 0.000, 0.000, 0.000, 0.000, 0.000, 0.125, 0.000, 0.000, 0.000, 0.000, 0.000, 0.000, 0.394
36.795, 0.000, 0.000, 0.000, 0.000, 0.000, 0.000, 0.126, 0.000, 0.000, 0.000, 0.000, 0.000, 0.000, 0.397
36.847, 0.000, 0.000, 0.000, 0.000, 0.000, 0.000, 0.126, 0.000, 0.000, 0.000, 0.000, 0.000, 0.000, 0.397
36.898, 0.000, 0.000, 0.000, 0.000, 0.000, 0.000, 0.126, 0.000, 0.000, 0.000, 0.000, 0.000, 0.000, 0.401
36.948, 0.000, 0.000, 0.000, 0.000, 0.000, 0.000, 0.126, 0.000, 0.000, 0.000, 0.000, 0.000, 0.000, 0.399
36.999, 0.000, 0.000, 0.000, 0.000, 0.000, 0.000, 0.126, 0.000, 0.000, 0.000, 0.000, 0.000, 0.000, 0.401
37.050, 0.000, 0.000, 0.000, 0.000, 0.000, 0.000, 0.126, 0.000, 0.000, 0.000, 0.000, 0.000, 0.000, 0.399
37.101, 0.000, 0.000, 0.000, 0.000, 0.000, 0.000, 0.127, 0.000, 0.000, 0.000, 0.000, 0.000, 0.000, 0.401
37.151, 0.000, 0.000, 0.000, 0.000, 0.000, 0.000, 0.127, 0.000, 0.000, 0.000, 0.000, 0.000, 0.000, 0.403
37.202, 0.000, 0.000, 0.000, 0.000, 0.000, 0.000, 0.127, 0.000, 0.000, 0.000, 0.000, 0.000, 0.000, 0.403
37.253, 0.000, 0.000, 0.000, 0.000, 0.000, 0.000, 0.128, 0.000, 0.000, 0.000, 0.000, 0.000, 0.000, 0.404
37.303, 0.000, 0.000, 0.000, 0.000, 0.000, 0.000, 0.128, 0.000, 0.000, 0.000, 0.000, 0.000, 0.000, 0.403
37.353, 0.000, 0.000, 0.000, 0.000, 0.000, 0.000, 0.127, 0.000, 0.000, 0.000, 0.000, 0.000, 0.000, 0.406
37.407, 0.000, 0.000, 0.000, 0.000, 0.000, 0.000, 0.128, 0.000, 0.000, 0.000, 0.000, 0.000, 0.000, 0.406
37.458, 0.000, 0.000, 0.000, 0.000, 0.000, 0.000, 0.131, 0.000, 0.000, 0.000, 0.000, 0.000, 0.000, 0.409
37.509, 0.000, 0.000, 0.000, 0.000, 0.000, 0.000, 0.131, 0.000, 0.000, 0.000, 0.000, 0.000, 0.000, 0.411
37.559, 0.000, 0.000, 0.000, 0.000, 0.000, 0.000, 0.132, 0.000, 0.000, 0.000, 0.000, 0.000, 0.000, 0.411
37.609, 0.000, 0.000, 0.000, 0.000, 0.000, 0.000, 0.132, 0.000, 0.000, 0.000, 0.000, 0.000, 0.000, 0.410
37.660, 0.000, 0.000, 0.000, 0.000, 0.000, 0.000, 0.131, 0.000, 0.000, 0.000, 0.000, 0.000, 0.000, 0.412
37.710, 0.000, 0.000, 0.000, 0.000, 0.000, 0.000, 0.131, 0.000, 0.000, 0.000, 0.000, 0.000, 0.000, 0.413
37.760, 0.000, 0.000, 0.000, 0.000, 0.000, 0.000, 0.132, 0.000, 0.000, 0.000, 0.000, 0.000, 0.000, 0.415
37.811, 0.000, 0.000, 0.000, 0.000, 0.000, 0.000, 0.132, 0.000, 0.000, 0.000, 0.000, 0.000, 0.000, 0.417
37.862, 0.000, 0.000, 0.000, 0.000, 0.000, 0.000, 0.133, 0.000, 0.000, 0.000, 0.000, 0.000, 0.000, 0.416
37.912, 0.000, 0.000, 0.000, 0.000, 0.000, 0.000, 0.133, 0.000, 0.000, 0.000, 0.000, 0.000, 0.000, 0.417
37.967, 0.000, 0.000, 0.000, 0.000, 0.000, 0.000, 0.134, 0.000, 0.000, 0.000, 0.000, 0.000, 0.000, 0.418
38.018, 0.000, 0.000, 0.000, 0.000, 0.000, 0.000, 0.133, 0.000, 0.000, 0.000, 0.000, 0.000, 0.000, 0.419
38.069, 0.000, 0.000, 0.000, 0.000, 0.000, 0.000, 0.134, 0.000, 0.000, 0.000, 0.000, 0.000, 0.000, 0.422
38.120, 0.000, 0.000, 0.000, 0.000, 0.000, 0.000, 0.135, 0.000, 0.000, 0.000, 0.000, 0.000, 0.000, 0.422
38.171, 0.000, 0.000, 0.000, 0.000, 0.000, 0.000, 0.134, 0.000, 0.000, 0.000, 0.000, 0.000, 0.000, 0.423
38.221, 0.000, 0.000, 0.000, 0.000, 0.000, 0.000, 0.135, 0.000, 0.000, 0.000, 0.000, 0.000, 0.000, 0.422
38.271, 0.000, 0.000, 0.000, 0.000, 0.000, 0.000, 0.134, 0.000, 0.000, 0.000, 0.000, 0.000, 0.000, 0.423
38.321, 0.000, 0.000, 0.000, 0.000, 0.000, 0.000, 0.134, 0.000, 0.000, 0.000, 0.000, 0.000, 0.000, 0.424
38.371, 0.000, 0.000, 0.000, 0.000, 0.000, 0.000, 0.134, 0.000, 0.000, 0.000, 0.000, 0.000, 0.000, 0.423
38.421, 0.000, 0.000, 0.000, 0.000, 0.000, 0.000, 0.135, 0.000, 0.000, 0.000, 0.000, 0.000, 0.000, 0.424
38.472, 0.000, 0.000, 0.000, 0.000, 0.000, 0.000, 0.135, 0.000, 0.000, 0.000, 0.000, 0.000, 0.000, 0.425
